pmid,pmcid,title,journal,insert_time,has_targz,disease
10402167,PMC3054378,A pathologic study of abdominal lymphangiomas.,J Korean Med Sci,2023-12-17-22-16-26,True,Match
11306753,PMC3054732,Gastric lymphangioma.,J Korean Med Sci,2023-12-17-22-16-26,True,Match
12087203,PMC2713836,Mediastinal lymphangioma and chylothorax: thoracic involvement of Gorham's disease.,Korean J Radiol,2023-12-17-22-16-26,True,Match
13299427,PMC2480258,Neonatal respiratory obstruction due to hygroma colli cysticum.,Ulster Med J,2023-12-17-22-16-26,True,NotMatch
14726645,PMC2698106,Prenatal sonographic and MR imaging findings of extensive fetal lymphangioma: a case report.,Korean J Radiol,2023-12-17-22-16-26,True,Match
15201516,PMC2816851,Intrapulmonary cystic lymphangioma in a 2-month-old infant.,J Korean Med Sci,2023-12-17-22-16-26,True,Match
15651774,PMC2475458,Acute presentation of lymphangioma of the retroperitoneum.,Ulster Med J,2023-12-17-22-16-26,True,Match
15702222,PMC5936490,Solitary endobronchial lymphangioma: a case report and review of literature.,ScientificWorldJournal,2023-12-17-22-16-26,True,Match
16154823,PMC1665244,Tumours of the spleen.,Cancer Imaging,2023-12-17-22-16-26,True,NotMatch
16259073,PMC2810581,Recurrent retroperitoneal cystic lymphangioma.,Yonsei Med J,2023-12-17-22-16-26,True,Match
16359555,PMC1352359,Hemangiopericytoma of the spleen: unusual presentation as multiple abscess.,World J Surg Oncol,2023-12-17-22-16-26,True,NotMatch
16759365,PMC1479837,Bilateral symmetrical lymphangiomas of the gingiva: case report.,Diagn Pathol,2023-12-17-22-16-26,True,Match
17143033,PMC2667616,Generalized lymphangiomatosis: radiologic findings in three pediatric patients.,Korean J Radiol,2023-12-17-22-16-26,True,Match
17192181,PMC1770937,A huge omental lymphangioma with extension into labia majorae: a case report.,BMC Surg,2023-12-17-22-16-26,True,Match
17584918,PMC1906778,Cavernous lymphangioma of the breast.,World J Surg Oncol,2023-12-17-22-16-26,True,Match
17584927,PMC1925108,Elevated expression of VEGFR-3 in lymphatic endothelial cells from lymphangiomas.,BMC Cancer,2023-12-17-22-16-26,True,Match
17722248,PMC2628053,Spontaneous regression of a cystic tumor in a postpartum woman; is it a cystic lymphangioma?,Yonsei Med J,2023-12-17-22-16-26,True,Match
17939338,PMC2687694,Unusual presentation of cystic lymphangioma of the gallbladder.,Korean J Intern Med,2023-12-17-22-16-26,True,Match
18159600,PMC2628184,A case of cardiac lymphangioma presenting as a cystic mass in the right atrium.,Yonsei Med J,2023-12-17-22-16-26,True,Match
18493465,PMC2362595,Endoscopic resection of esophageal lymphangioma incidentally discovered.,Diagn Ther Endosc,2023-12-17-22-16-26,True,Match
18629354,PMC2464749,Kaposiform hemangioendothelioma with distant lymphangiomatosis without an association to Kasabach-Merritt-Syndrome in a female adult!,Vasc Health Risk Manag,2023-12-17-22-16-26,True,Match
18783617,PMC2553056,Cystic lymphangioma of the lesser sac presenting as acute appendicitis: A case report.,Cases J,2023-12-17-22-16-26,True,Match
18811950,PMC2557020,Broad ligament cystic lymphangioma: a case report.,J Med Case Rep,2023-12-17-22-16-26,True,Match
18928529,PMC2596096,Expression of interleukin-17RC protein in normal human tissues.,Int Arch Med,2023-12-17-22-16-26,True,NotMatch
19412523,PMC2672190,Small bowel volvulus induced by mesenteric lymphangioma in an adult: a case report.,Korean J Radiol,2023-12-17-22-16-26,True,Match
19476658,PMC2701920,Diagnostic problems with parasitic and non-parasitic splenic cysts.,BMC Surg,2023-12-17-22-16-26,True,NotMatch
19668192,PMC2882165,Alternatively spliced vascular endothelial growth factor receptor-2 is an essential endogenous inhibitor of lymphatic vessel growth.,Nat Med,2023-12-17-22-16-26,True,NotMatch
19946493,PMC2783138,A rare case of lymphangioma of the scrotum in a 3 year old boy: a case report.,Cases J,2023-12-17-22-16-26,True,Match
19946589,PMC2783052,Pediatric chylolymphatic mesenteric cyst - a separate entity from cystic lymphangioma: a case series.,J Med Case Rep,2023-12-17-22-16-26,True,Match
19949686,PMC2775878,Acquired omental cystic lymphangioma after subtotal gastrectomy: a case report.,J Korean Med Sci,2023-12-17-22-16-26,True,Match
20046502,PMC2799640,"Lymphangiomatosis involving the inferior vena cava, heart, pulmonary artery and pelvic cavity.",Korean J Radiol,2023-12-17-22-16-26,True,Match
20062588,PMC2803988,Benign mesenteric lymphangioma presenting as acute pancreatitis: a case report.,Cases J,2023-12-17-22-16-26,True,Match
20300183,PMC2836381,Does plasminogen activator inhibitor-1 drive lymphangiogenesis?,PLoS One,2023-12-17-22-16-26,True,NotMatch
20300350,PMC2840899,Lymphangioma circumscriptum (microcystic lymphatic malformation): palliative coagulation using radiofrequency current.,J Cutan Aesthet Surg,2023-12-17-22-16-26,True,Match
20418997,PMC2856365,Extensive congenital vulvar lymphangioma mimicking genital warts.,Indian J Dermatol,2023-12-17-22-16-26,True,Match
20640084,PMC2900040,Anaesthetic consideration in macroglossia due to lymphangioma of tongue: a case report.,Indian J Anaesth,2023-12-17-22-16-26,True,Match
20704732,PMC2931496,Hemolymphangioma of the lower extremities in children: two case reports.,J Orthop Surg Res,2023-12-17-22-16-26,True,Match
20713317,PMC2943678,Primary and secondary neoplasms of the spleen.,Cancer Imaging,2023-12-17-22-16-26,True,NotMatch
20835330,PMC2931127,Bilateral renal lymphangioma - An incidental finding.,Indian J Nephrol,2023-12-17-22-16-26,True,Match
20842254,PMC2934585,Computed tomography findings in bilateral perinephric lymphangiomatosis.,Urol Ann,2023-12-17-22-16-26,True,Match
20877614,PMC2938560,Lymphangioma circumscriptum of the scrotum following vasectomy.,Indian J Urol,2023-12-17-22-16-26,True,Match
21139927,PMC2994469,Giant mesenteric cystic lymphangioma presenting with abdominal pain and masquerading as a gynecologic malignancy.,Rare Tumors,2023-12-17-22-16-26,True,Match
21139961,PMC2994526,Sclerosing angiomatoid nodular transformation of the spleen masquerading as a sarcoma metastasis.,Rare Tumors,2023-12-17-22-16-26,True,NotMatch
21234247,PMC3019590,Sclerosing angiomatoid nodular transformation of the spleen masquerading as a sarcoma metastasis.,Rare Tumors,2023-12-17-22-16-26,True,NotMatch
21430825,PMC3047730,Cystic hygroma: an overview.,J Cutan Aesthet Surg,2023-12-17-22-16-26,True,NotMatch
21430837,PMC3047742,Different Modalities Used to Treat Concurrent Lymphangioma of Chest wall and Scrotum.,J Cutan Aesthet Surg,2023-12-17-22-16-26,True,Match
21483503,PMC3066714,Retroperitoneal and genital lymphangioma therapeutic challenges in a developing country.,Libyan J Med,2023-12-17-22-16-26,True,Match
21483540,PMC3066745,Cystic hygroma in an adult; a case report.,Libyan J Med,2023-12-17-22-16-26,True,NotMatch
21483541,PMC3066740,Congenital orbital lymphangioma in a 20-years old girl a case report and review of literature.,Libyan J Med,2023-12-17-22-16-26,True,Match
21572798,PMC3088942,Lymphangioma circumscriptum treated with radiofrequency ablation.,Indian J Dermatol,2023-12-17-22-16-26,True,Match
21602970,PMC3092083,Adult Intussusception due to Cecal Lymphangioma: A Case Report.,J Korean Soc Coloproctol,2023-12-17-22-16-26,True,Match
21605441,PMC3118378,Kaposiform hemangioendothelioma in tonsil of a child associated with cervical lymphangioma: a rare case report.,World J Surg Oncol,2023-12-17-22-16-26,True,Match
21677810,PMC3104538,Imaging of pericardial lymphangioma.,Ann Pediatr Cardiol,2023-12-17-22-16-26,True,Match
21687586,PMC3114408,Primary lymphangioma of the tonsil: a case report.,Case Rep Med,2023-12-17-22-16-26,True,Match
21702933,PMC3141733,Digging deeper into lymphatic vessel formation in vitro and in vivo.,BMC Cell Biol,2023-12-17-22-16-26,True,NotMatch
21712979,PMC3124319,Cystic lymphangioma of the pancreas with spontaneous rupture: report of a case.,Case Rep Gastroenterol,2023-12-17-22-16-26,True,Match
21772599,PMC3132915,Cervicofacial actinomycosis mimicking lymphangioma circumscriptum.,Indian J Dermatol,2023-12-17-22-16-26,True,Match
21772882,PMC3129060,Cystic hygroma: anesthetic considerations and review.,J Res Med Sci,2023-12-17-22-16-26,True,NotMatch
21892928,PMC3183036,Laparoscopic resection of a lymphangiomatous cyst of the colon: a case report.,J Med Case Rep,2023-12-17-22-16-26,True,Match
21938186,PMC3168007,"Cervical cystic lymphangioma in an adult, diagnosed on FNAC.",J Cytol,2023-12-17-22-16-26,True,Match
22028576,PMC3199426,Vulval metastasis from squamous cell carcinoma of the cervix clinically presenting as lymphangioma circumscriptum.,Ann Dermatol,2023-12-17-22-16-26,True,Match
22066082,PMC3205378,A giant retroperitoneal lymphangioma in a patient with neurofibromatosis type 1.,J Korean Surg Soc,2023-12-17-22-16-26,True,Match
22066085,PMC3205361,Cystic lymphangioma of the pancreas mimicking pancreatic pseudocyst.,J Korean Surg Soc,2023-12-17-22-16-26,True,Match
22066114,PMC3204568,Cystic lymphangioma of the pancreas.,J Korean Surg Soc,2023-12-17-22-16-26,True,Match
22114434,PMC3220150,Case series on vascular malformation and their review with regard to terminology and categorization.,Contemp Clin Dent,2023-12-17-22-16-26,True,NotMatch
22145071,PMC3229204,Giant cystic lymphangioma of the small bowel mesentery: case report.,Pan Afr Med J,2023-12-17-22-16-26,True,Match
22263192,PMC3249344,Bilateral Mediastinal Lymphangiohemangiomas Containing Anomalous Venous Components - A case report -.,Korean J Thorac Cardiovasc Surg,2023-12-17-22-16-26,True,NotMatch
22263193,PMC3249345,Chylopericardium Secondary to Lymphangiomyoma - A case report -.,Korean J Thorac Cardiovasc Surg,2023-12-17-22-16-26,True,NotMatch
22263194,PMC3249346,Cavernous lymphangioma arising in the chest wall 19 years after excision of a cystic hygroma.,Korean J Thorac Cardiovasc Surg,2023-12-17-22-16-26,True,Match
22279495,PMC3265190,Lymphangioma: Is intralesional bleomycin sclerotherapy effective?,Biomed Imaging Interv J,2023-12-17-22-16-26,True,Match
22324018,PMC3273697,Giant mesenteric cystic lymphangioma originating from the lesser omentum in the abdominal cavity.,J Gastric Cancer,2023-12-17-22-16-26,True,Match
22408660,PMC3296405,Iniencephaly clausus: A case report with review of literature.,J Pediatr Neurosci,2023-12-17-22-16-26,True,NotMatch
22435002,PMC3275871,Idiopathic masseter muscle hypertrophy.,Ethiop J Health Sci,2023-12-17-22-16-26,True,NotMatch
22442559,PMC3304185,Cystic hygroma.,Natl J Maxillofac Surg,2023-12-17-22-16-26,True,NotMatch
22442618,PMC3304219,Lymphangioma of the tongue.,Natl J Maxillofac Surg,2023-12-17-22-16-26,True,Match
22511911,PMC3326998,MR imaging of hepatic lymphangioma.,Korean J Hepatol,2023-12-17-22-16-26,True,Match
22529452,PMC3326847,Cutaneous lymphangiectasia of the vulva secondary to tuberculosis.,Indian J Sex Transm Dis AIDS,2023-12-17-22-16-26,True,NotMatch
22557912,PMC3341747,Oral lymphangioma - Case reports and review of literature.,Contemp Clin Dent,2023-12-17-22-16-26,True,Match
22606529,PMC3350251,Infantile hemangiomas masquerading as other periocular disorders.,Case Rep Pediatr,2023-12-17-22-16-26,True,NotMatch
22606623,PMC3350296,A case of laparoscopic excision of a huge retroperitoneal cystic lymphangioma.,Case Rep Urol,2023-12-17-22-16-26,True,Match
22615519,PMC3352644,Secondary lymphangioma of vulva: a report of two cases.,Indian J Dermatol,2023-12-17-22-16-26,True,Match
22649349,PMC3362239,A rare presentation of conjunctival myxoma with pain and redness: case report and literature review.,Case Rep Ophthalmol,2023-12-17-22-16-26,True,NotMatch
22666617,PMC3362820,Conjunctival lymphangioma: a case report and brief review of the literature.,Case Rep Ophthalmol Med,2023-12-17-22-16-26,True,Match
22826732,PMC3396873,Giant cystic lymphangioma of the mesentery: varied clinical presentation of 3 cases.,Pan Afr Med J,2023-12-17-22-16-26,True,Match
22826784,PMC3401155,Cystic pancreatic lymphangioma.,Rare Tumors,2023-12-17-22-16-26,True,Match
22876775,PMC3459722,Lymphangioma circumscriptum in the scrotum: a case report.,J Med Case Rep,2023-12-17-22-16-26,True,Match
22880185,PMC3412181,"The surgical experience for retroperitoneal, mesenteric and omental cyst in children.",J Korean Surg Soc,2023-12-17-22-16-26,True,NotMatch
23060708,PMC3461790,Intralesional bleomycin in lymphangioma: an effective and safe non-operative modality of treatment.,J Cutan Aesthet Surg,2023-12-17-22-16-26,True,Match
23185676,PMC3502743,Cavernous Hemangiolymphangioma of the Testis without Cutaneous Hemangiomatosis in an Elderly Patient.,Korean J Urol,2023-12-17-22-16-26,True,Match
23197988,PMC3502873,Huge cystic lymphangioma of the pancreas mimicking pancreatic cystic neoplasm.,Case Rep Med,2023-12-17-22-16-26,True,Match
23198248,PMC3502815,Omental lymphangioma in adults-rare presentation report of a case.,Case Rep Surg,2023-12-17-22-16-26,True,Match
23277887,PMC3525287,Scrotal lymphangioma - a rare cause of scrotal swelling.,APSP J Case Rep,2023-12-17-22-16-26,True,Match
23420463,PMC3572975,Adrenal lymphangioma removed by a retroperitoneoscopic procedure.,Oncol Lett,2023-12-17-22-16-26,True,Match
23533897,PMC3600274,Retroperitoneal cystic lymphangioma: a diagnostic and surgical challenge.,Case Rep Pediatr,2023-12-17-22-16-26,True,Match
23741694,PMC3671005,Transumbilical scarless surgery with thoracic trocar: easy and low-cost.,J Korean Surg Soc,2023-12-17-22-16-26,True,NotMatch
23781364,PMC3677625,Lymphangioma-Like Kaposi's Sarcoma Presenting as Gangrene.,Case Rep Oncol Med,2023-12-17-22-16-26,True,Match
23798913,PMC3678144,Observation of lymphangioma of the duodenum by a magnifying endoscope with a narrow-band imaging system.,Case Rep Gastroenterol,2023-12-17-22-16-26,True,Match
23984233,PMC3752475,Extensive and invasive lymphangioma circumscriptum in a young female: A rare case report and review of the literature.,Indian Dermatol Online J,2023-12-17-22-16-26,True,Match
23984237,PMC3752479,Cavernous lymphangioma: Two case reports.,Indian Dermatol Online J,2023-12-17-22-16-26,True,Match
23986836,PMC3738345,A case of lymphatic malformation/lymphangioma of the scrotum.,Acta Radiol Short Rep,2023-12-17-22-16-26,True,Match
23986850,PMC3738359,Unusual imaging profile of a solitary splenic lymphangioma.,Acta Radiol Short Rep,2023-12-17-22-16-26,True,Match
24040608,PMC3754415,Lymphangioma presenting as juxta-articular swelling in children: a case series.,APSP J Case Rep,2023-12-17-22-16-26,True,Match
24127269,PMC3846933,Non-contrast 3D MR lymphography of retroperitoneal lymphatic aneurysmal dilatation: a continuous spectrum of change from normal variants to cystic lymphangioma.,Insights Imaging,2023-12-17-22-16-26,True,Match
24143329,PMC3797952,Retroperitoneal cystic lymphangioma diagnosed by endoscopic ultrasound-guided fine needle aspiration.,Clin Endosc,2023-12-17-22-16-26,True,Match
24228212,PMC3823387,Lymphangioma circumscriptum in an adult: an unusual oral presentation.,J Clin Imaging Sci,2023-12-17-22-16-26,True,Match
24303224,PMC3835813,Adrenal lymphangioma mimicking renal cyst: a case report and review of the literature.,Case Rep Urol,2023-12-17-22-16-26,True,Match
24348540,PMC3855980,Small intestinal tumours.,Gastroenterol Res Pract,2023-12-17-22-16-26,True,NotMatch
24396614,PMC3876770,Acquired vulvar lymphangioma circumscriptum.,Case Rep Dermatol Med,2023-12-17-22-16-26,True,Match
24516849,PMC3905332,Epidermoid cyst of spleen mimicking splenic lymphangioma.,Adv Biomed Res,2023-12-17-22-16-26,True,Match
24575003,PMC3934613,Successful Treatment of Congenital Lymphangioma Circumscriptum of the Vulva with CO2 and Long-Pulsed Nd:YAG Lasers.,Case Rep Dermatol,2023-12-17-22-16-26,True,Match
24581109,PMC4054826,Cystic lymphangioma of pericardium presenting as isolated chylopericardium - a case report.,Indian Heart J,2023-12-17-22-16-26,True,Match
24665431,PMC3961620,Surgical resection of acquired vulvar lymphangioma circumscriptum.,Arch Plast Surg,2023-12-17-22-16-26,True,Match
24716035,PMC3970247,Multicystic benign cystic mesothelioma presenting as a pelvic mass.,Case Rep Obstet Gynecol,2023-12-17-22-16-26,True,NotMatch
24761426,PMC3994622,Mammary duct ectasia with bloody nipple discharge in a child.,Ann Surg Treat Res,2023-12-17-22-16-26,True,NotMatch
24826321,PMC4010027,Cystic lymphangioma as a cause of massive abdominal hemorrhage.,Case Rep Crit Care,2023-12-17-22-16-26,True,Match
24834265,PMC4017508,A patient with cystic lymphangioma in pancreas.,Gastroenterol Hepatol Bed Bench,2023-12-17-22-16-26,True,Match
24885483,PMC4045944,Neck swelling from a retropharyngeal abscess caused by penicillin-resistant Streptococcus pneumoniae: a case report.,BMC Res Notes,2023-12-17-22-16-26,True,NotMatch
24960673,PMC3862254,Giant mesenteric cystic lymphangioma of mesocolic origin in an asymptomatic adult patient.,J Surg Case Rep,2023-12-17-22-16-26,True,Match
24960684,PMC3862248,"An unusual cause of ""appendicular pain"" in a young girl: mesenteric cystic lymphangioma.",J Surg Case Rep,2023-12-17-22-16-26,True,Match
25004298,PMC4678677,Mesenteric cyst: abdominal lymphangioma.,Arq Bras Cir Dig,2023-12-17-22-16-26,True,Match
25018798,PMC4085975,[Cystic lymphangioma of the lesser sac].,Pan Afr Med J,2023-12-17-22-16-26,True,Match
25018818,PMC4085887,[Lymphangioma circumscriptum].,Pan Afr Med J,2023-12-17-22-16-26,True,Match
25038213,PMC4131310,Lymphangioma of the ileocecal valve clinically masquerading as a submucosal small intestinal GIST: report of a case and literature review.,Saudi J Gastroenterol,2023-12-17-22-16-26,True,Match
25120699,PMC4114701,Giant primary cystic mediastinal lymphangioma: A case report.,Oncol Lett,2023-12-17-22-16-26,True,Match
25191417,PMC4153197,Mediastinal lymphangioma in a child.,Tanaffos,2023-12-17-22-16-26,True,Match
25207258,PMC4157512,Surgical resection of thoracic duct lymphangioma.,Korean J Thorac Cardiovasc Surg,2023-12-17-22-16-26,True,Match
25210370,PMC4157266,Oral lymphangioma of the buccal mucosa a rare case report.,J Pharm Bioallied Sci,2023-12-17-22-16-26,True,Match
25237663,PMC4166370,Perirenal lymphangiomatosis.,World J Mens Health,2023-12-17-22-16-26,True,Match
25279280,PMC4169228,Solitary hepatic lymphangioma: a one-case report.,Springerplus,2023-12-17-22-16-26,True,Match
25298728,PMC4178367,Dumbbell-shaped lymphangioma of neck and thorax.,Natl J Maxillofac Surg,2023-12-17-22-16-26,True,Match
25328741,PMC4195264,Cases of atypical lymphangiomas in children.,Case Rep Pediatr,2023-12-17-22-16-26,True,Match
25356264,PMC4184608,Acute small bowel volvulus in a 2-month-old infant.,Clin Case Rep,2023-12-17-22-16-26,True,NotMatch
25427442,PMC4289367,Klippel-Trenaunay syndrome presenting with acanthocytosis and splenic and retroperitoneal lymphangioma: a case report.,J Med Case Rep,2023-12-17-22-16-26,True,Match
25431732,PMC4241246,Mediastinal cystic lymphangioma in a patient with situs inversus totalis.,Case Rep Surg,2023-12-17-22-16-26,True,Match
25460481,PMC4275971,Case report: HIV negative isolated scrotal Kaposi's sarcoma.,Int J Surg Case Rep,2023-12-17-22-16-26,True,NotMatch
25548704,PMC4273562,Cervical cystic hygroma in an adult.,Case Rep Pathol,2023-12-17-22-16-26,True,NotMatch
25551098,PMC4279972,Oral foregut cyst in the ventral tongue: a case report.,J Korean Assoc Oral Maxillofac Surg,2023-12-17-22-16-26,True,NotMatch
25579985,PMC4336381,Surgical management of adult-onset cystic hygroma in the axilla.,Int J Surg Case Rep,2023-12-17-22-16-26,True,NotMatch
25606029,PMC4296252,Cystic lymphangioma of the chest wall: a case report.,Case Rep Gastroenterol,2023-12-17-22-16-26,True,Match
25624641,PMC4296469,Unilateral gingival lymphangioma: A first case report.,J Indian Soc Periodontol,2023-12-17-22-16-26,True,Match
25629024,PMC4303758,Carvenous lymphangioma of the vulva.,Obstet Gynecol Sci,2023-12-17-22-16-26,True,Match
25646065,PMC4309874,Successful treatment of orbital lymphangioma with intralesional bleomycin and application of continuous negative pressure.,Korean J Ophthalmol,2023-12-17-22-16-26,True,Match
25648471,PMC4336391,Inflammatory pseudotumor of spleen: a case report.,Int J Surg Case Rep,2023-12-17-22-16-26,True,NotMatch
25671054,PMC4294178,Not your typical angioma.,Eplasty,2023-12-17-22-16-26,True,NotMatch
25674533,PMC4323441,Colonic lymphangiomatosis resolved after excisional biopsy.,Clin Endosc,2023-12-17-22-16-26,True,Match
25755947,PMC4335945,Abdominal cystic lymphangioma mimicking appendicitis.,European J Pediatr Surg Rep,2023-12-17-22-16-26,True,Match
25774241,PMC4347715,Torsion of the greater omentum secondary to omental lymphangioma in a child: a case report.,Pol J Radiol,2023-12-17-22-16-26,True,Match
25793081,PMC4359427,Cystic lymphangioma of the rectus abdominis muscle: an extremely rare clinical entity.,Iran J Pediatr,2023-12-17-22-16-26,True,Match
25821300,PMC4359940,A huge lymphangioma mimicking pleural effusion with extension to both chest cavities: a case report and review of literature.,Iran J Med Sci,2023-12-17-22-16-26,True,Match
25831002,PMC4371681,Cutaneous Lymphangioma circumscriptum - dermoscopic features.,An Bras Dermatol,2023-12-17-22-16-26,True,Match
25832463,PMC4381272,Hemorrhagic giant cystic lymphangioma of the liver in an adult female.,J Surg Case Rep,2023-12-17-22-16-26,True,Match
25838750,PMC4381384,Lymphangiocele: A very rare cause of primary infertility.,J Hum Reprod Sci,2023-12-17-22-16-26,True,NotMatch
25866696,PMC4381689,Retroperitoneal lymphangioma in an adult: a case report of a rare clinical entity.,Case Rep Surg,2023-12-17-22-16-26,True,Match
25889625,PMC4335415,Cystic lymphangioma of the adrenal gland: report of a case and review of the literature.,World J Surg Oncol,2023-12-17-22-16-26,True,Match
25898335,PMC4446689,Laparoscopic resection of a huge retroperitoneal cystic lymphangioma after successful reduction of tumor size with a double balloon catheter.,Int J Surg Case Rep,2023-12-17-22-16-26,True,Match
25954563,PMC4410542,Simple lymphangioma to generalized lymphatic anomaly: role of imaging in disclosure of a rare and morbid disease.,Case Rep Radiol,2023-12-17-22-16-26,True,Match
2597362,PMC3053688,Benign cystic mesothelioma of the peritoneum--a case report.,J Korean Med Sci,2023-12-17-22-16-26,True,NotMatch
25977737,PMC4427467,[Microcystic lymphangioma].,Pan Afr Med J,2023-12-17-22-16-26,True,Match
26019889,PMC4437906,"Correlative imaging of cystic lymphangiomas: ultrasound, CT and MRI comparison.",Acta Radiol Open,2023-12-17-22-16-26,True,Match
26034745,PMC4450163,Adrenal cystic lymphangioma presented with hypertension: a case report.,Nephrourol Mon,2023-12-17-22-16-26,True,Match
26085753,PMC4453208,Rare Case of Ovarian Cystic Lymphangioma Managed at Laparoscopy.,J Gynecol Endosc Surg,2023-12-17-22-16-26,True,Match
26097630,PMC4462551,[Acquired vulvar lymphangioma after treatment of a gynecological cancer].,Pan Afr Med J,2023-12-17-22-16-26,True,Match
26155225,PMC4304528,Surgical management and results for cystic neoplasms of pancreas.,Korean J Hepatobiliary Pancreat Surg,2023-12-17-22-16-26,True,NotMatch
26156111,PMC4698298,Clinical outcomes of primary surgical treatment for acquired vulvar lymphangioma circumscriptum.,Arch Gynecol Obstet,2023-12-17-22-16-26,True,Match
26167062,PMC4481748,Lymphangioma circumscriptum of the vulva: Report of a rare case.,J Midlife Health,2023-12-17-22-16-26,True,Match
26171312,PMC4487117,Dumbbell-Shaped Rhabdomyosarcoma: Two-Stage Surgical Resection.,European J Pediatr Surg Rep,2023-12-17-22-16-26,True,NotMatch
26185560,PMC4499237,[Lymphangioma of the foot: an exceptional case].,Pan Afr Med J,2023-12-17-22-16-26,True,Match
26187157,PMC4506575,Primary Kaposi's sarcoma of the heart in non-immunodeficient patient: case report and literature review.,Diagn Pathol,2023-12-17-22-16-26,True,NotMatch
26225341,PMC4513416,Two cases of lymphangioma circumscriptum successfully treated with pulsed dye laser and cryotherapy.,Indian Dermatol Online J,2023-12-17-22-16-26,True,Match
26225342,PMC4513417,Treatment options of lymphangioma circumscriptum.,Indian Dermatol Online J,2023-12-17-22-16-26,True,Match
26236435,PMC4517312,Prevalence of Head and Neck Tumors in Children under 12 Years of Age Referred to the Pathology Department of Children's Hospital in Tabriz during a 10-year Period.,J Dent Res Dent Clin Dent Prospects,2023-12-17-22-16-26,True,NotMatch
26309472,PMC4537904,Solitary hepatic lymphangioma in an 8-month-old child.,Pan Afr Med J,2023-12-17-22-16-26,True,Match
26309475,PMC4537892,[Cystic lymphangioma of the parotid gland].,Pan Afr Med J,2023-12-17-22-16-26,True,Match
26396448,PMC4553841,A study of pattern of nonvenereal genital dermatoses of male attending skin OPD at a tertiary care center.,Indian J Sex Transm Dis AIDS,2023-12-17-22-16-26,True,NotMatch
26425583,PMC4586815,Thoracic Cavernous Lymphangioma Provoking Massive Chyloptysis: A Case Report.,J Investig Med High Impact Case Rep,2023-12-17-22-16-26,True,Match
26436083,PMC4581132,Two unusual sites of cystic lymphangioma in a child: A report of imaging profile with surgical and histopathologic findings.,Adv Biomed Res,2023-12-17-22-16-26,True,Match
26526659,PMC4607960,[Orbital cystic hygroma invading the eyeball: report of a case].,Pan Afr Med J,2023-12-17-22-16-26,True,NotMatch
26528371,PMC4629431,Lymphangiomatosis: The Cause of Refractory Pleural Effusion in a Patient with Lupus Erythematosus.,Tanaffos,2023-12-17-22-16-26,True,Match
26528428,PMC4608230,Difficult Intubation in Pediatric Patient with a Large Lymphangioma at the Tongue Base.,J Lifestyle Med,2023-12-17-22-16-26,True,Match
26538732,PMC4601453,Zosteriform Lesions in an Elderly Man-Look Beyond Herpes Zoster.,Indian J Dermatol,2023-12-17-22-16-26,True,NotMatch
26546871,PMC4701751,Significant growth of adrenal lymphangioma: A case report and review of the literature.,Int J Surg Case Rep,2023-12-17-22-16-26,True,Match
26605129,PMC4629304,Incidental Cystic Lymphangioma of the Small Bowel Mesentery.,J Clin Imaging Sci,2023-12-17-22-16-26,True,Match
26608984,PMC4795246,Clinical Analysis of Intraperitoneal Lymphangioma.,Chin Med J (Engl),2023-12-17-22-16-26,True,Match
26618011,PMC4651645,Adrenal Lymphangioma Masquerading as a Catecholamine Producing Tumor.,Case Rep Endocrinol,2023-12-17-22-16-26,True,Match
26651336,PMC4675055,Laparoscopic resection of retroperitoneal lymphangioma around the pancreas: a case report and review of the literature.,J Med Case Rep,2023-12-17-22-16-26,True,Match
26665129,PMC4672098,Result of using a biologic collagen implant (Permacol) for mesenteric defect repair after excision of a huge mesenteric lymphangioma in a child.,Ann Surg Treat Res,2023-12-17-22-16-26,True,Match
26681873,PMC4678566,Oral lymphangioma: A rare case report.,Contemp Clin Dent,2023-12-17-22-16-26,True,Match
26715942,PMC4679213,Asymptomatic peritoneal carcinomatosis originating from benign cystic peritoneal mesothelioma.,Ecancermedicalscience,2023-12-17-22-16-26,True,NotMatch
26739981,PMC4724686,Cardiac lymphangioma presenting as intrapericardial cystic mass.,Saudi Med J,2023-12-17-22-16-26,True,Match
26848440,PMC4738111,Cervicofacial Lymphatic Malformations: A Retrospective Review of 40 Cases.,Arch Plast Surg,2023-12-17-22-16-26,True,NotMatch
26852362,PMC4818321,Adult cystic lymphangioma in the inner quadrant of the breast-Rare location for a rare disease: A case report.,Int J Surg Case Rep,2023-12-17-22-16-26,True,Match
26894047,PMC4757921,Subserous lymphangioma of the sigmoid colon: an uncommon cause of acute abdomen in pediatric patients.,Autops Case Rep,2023-12-17-22-16-26,True,Match
26955596,PMC4763594,Lymphangioma circumscriptum of the male genitalia.,Indian Dermatol Online J,2023-12-17-22-16-26,True,Match
26980972,PMC4774297,Cystic lymphangioma: A differential diagnosis.,J Oral Maxillofac Pathol,2023-12-17-22-16-26,True,Match
27015184,PMC4998379,Anatomic and Functional Evaluation of Central Lymphatics With Noninvasive Magnetic Resonance Lymphangiography.,Medicine (Baltimore),2023-12-17-22-16-26,True,NotMatch
27069707,PMC4812285,An Interesting Association of Cystic Hygroma of the Neck and Lymphangioma Causing a Paediatric Swollen Tongue.,Case Rep Pediatr,2023-12-17-22-16-26,True,Match
27134709,PMC4827646,A Case of Patch Stage of Kaposi's Sarcoma and Discussion of the Differential Diagnosis.,Rare Tumors,2023-12-17-22-16-26,True,NotMatch
27212994,PMC4874048,Case report of solitary giant hepatic lymphangioma.,Korean J Hepatobiliary Pancreat Surg,2023-12-17-22-16-26,True,Match
27251660,PMC4955446,Volvulus of the jejunum on cystic lymphangioma: About a clinical case.,Afr J Paediatr Surg,2023-12-17-22-16-26,True,Match
27251838,PMC5206844,Laparoscopic excision of a large retroperitoneal lymphovascular malformation in an adult.,J Minim Access Surg,2023-12-17-22-16-26,True,NotMatch
27266826,PMC4908607,Emergency presentation of cystic lymphangioma of the colon: A case report and literature review.,Int J Surg Case Rep,2023-12-17-22-16-26,True,Match
27279405,PMC4916760,"Epidermoid cyst at a rare location, as a content of inguinal hernia: A case report with a review of the literature.",J Minim Access Surg,2023-12-17-22-16-26,True,NotMatch
27297957,PMC9422381,Response to OK-432 sclerotherapy in the treatment of cervical lymphangioma with submucosal extension to the airway.,Braz J Otorhinolaryngol,2023-12-17-22-16-26,True,Match
27329721,PMC5217005,High-grade squamous intraepithelial lesion arising adjacent to vulvar lymphangioma circumscriptum: a tertiary institutional experience.,Oncotarget,2023-12-17-22-16-26,True,Match
27331134,PMC4899408,Acquired vulvar lymphangioma circumscriptum after cervical cancer treatment: Case report.,Gynecol Oncol Rep,2023-12-17-22-16-26,True,Match
27366308,PMC4922201,Pancreatic Lymphangioma as a Rare Pancreatic Mass: A Case Report.,Iran J Cancer Prev,2023-12-17-22-16-26,True,Match
27489658,PMC4857348,All that wheezes: A young infant with a mediastinal mass.,SAGE Open Med Case Rep,2023-12-17-22-16-26,True,NotMatch
27534888,PMC4988297,Primary intestinal lymphangiomatosis of the ileum in an adult-the role of surgical approach.,J Surg Case Rep,2023-12-17-22-16-26,True,Match
27581369,PMC5007800,Duodenal hemangiolymphangioma presenting as chronic anemia: a case report.,BMC Res Notes,2023-12-17-22-16-26,True,Match
27614339,PMC5018072,Rapid growing pulmonary cavernous lymphangioma after chronic process for ten years.,Int J Surg Case Rep,2023-12-17-22-16-26,True,Match
27648270,PMC5018596,Airway obstruction caused by rapid enlargement of cervical lymphangioma in a five-month-old boy.,Clin Case Rep,2023-12-17-22-16-26,True,Match
27699163,PMC5045258,Fluorine-18 Fluorodeoxyglucose Positron Emission Tomography/Computed Tomography Findings of Post Traumatic Lymphangioma in a Young Adult Male.,Vasc Specialist Int,2023-12-17-22-16-26,True,Match
27703871,PMC5039348,Conjunctival lymphangioma in a 4-year-old girl revealed tuberous sclerosis complex.,GMS Ophthalmol Cases,2023-12-17-22-16-26,True,Match
27789902,PMC5087561,A 36-Year-Old Female with Recurrent Left Sided Pleural Effusion: A Rare Case of Mediastinal Lymphangioma.,Am J Case Rep,2023-12-17-22-16-26,True,Match
27795797,PMC5072845,[Cystic lymphangioma on the floor of the oral cavity extending to the submandibular region in adult patients].,Pan Afr Med J,2023-12-17-22-16-26,True,Match
27803907,PMC5070292,Diagnosis of cystic lymphangioma of the colon by endoscopic ultrasound: Biopsy is not needed!,Endosc Ultrasound,2023-12-17-22-16-26,True,Match
27843456,PMC5097799,A Huge Cystic Retroperitoneal Lymphangioma Presenting with Back Pain.,Case Rep Med,2023-12-17-22-16-26,True,Match
27853495,PMC5107244,Giant Omental Cyst (Lymphangioma) Mimicking Ascites and Tuberculosis.,Iran J Radiol,2023-12-17-22-16-26,True,Match
27872780,PMC5107230,Primary Lymphangioma of the Palatine Tonsil in a 9-Year-Old Boy: A Case Presentation and Literature Review.,Case Rep Otolaryngol,2023-12-17-22-16-26,True,Match
27895906,PMC5121137,Respiratory distress associated with heterotopic gastrointestinal cysts of the oral cavity: A case report.,Ann Med Surg (Lond),2023-12-17-22-16-26,True,NotMatch
27899951,PMC5102685,The first case of benign multicystic mesothelioma presenting as a splenic mass.,Ecancermedicalscience,2023-12-17-22-16-26,True,NotMatch
28050777,PMC5209321,An adult case of lymphangioma of the hepatoduodenal ligament mimicking a hepatic cyst.,Surg Case Rep,2023-12-17-22-16-26,True,Match
28135679,PMC5279888,An unusual case of neurogenic thoracic outlet syndrome.,Int J Surg Case Rep,2023-12-17-22-16-26,True,NotMatch
28191189,PMC5029997,The value of early recognition of fetal lymphangioma.,Australas J Ultrasound Med,2023-12-17-22-16-26,True,Match
28225486,PMC5569418,Abdominal cystic lymphangioma in a term newborn: A case report and update of new treatments.,Medicine (Baltimore),2023-12-17-22-16-26,True,Match
28242996,PMC5317082,Tc-99m Sulfur Colloid Lymphoscintigraphy with Single-photon Emission Computed Tomography/Computed Tomography in a Case of Acquired Vulval Lymphangiomas.,Indian J Nucl Med,2023-12-17-22-16-26,True,Match
28292036,PMC5324145,[Retroperitoneal cystic lymphangioma: about 5 cases and review of the literature].,Pan Afr Med J,2023-12-17-22-16-26,True,Match
28292151,PMC5326052,[Cervicothoracic cystic lymphangioma: about a case].,Pan Afr Med J,2023-12-17-22-16-26,True,Match
28386496,PMC5366764,Intramuscular Cavernous Hemangioma of Medial Rectus Muscle in Paediatric Age Group.,Case Rep Ophthalmol Med,2023-12-17-22-16-26,True,NotMatch
28408932,PMC5376932,Huge Lymphangioma of the Esophagus Resected by Endoscopic Piecemeal Mucosal Resection.,Case Rep Med,2023-12-17-22-16-26,True,Match
28440240,PMC5418967,Cystic pancreatic lymphangioma diagnosed with endoscopic ultrasound-guided fine needle aspiration.,Endosc Ultrasound,2023-12-17-22-16-26,True,Match
28451011,PMC5398220,Cystic lymphangioma in a 44-year-old woman.,Pan Afr Med J,2023-12-17-22-16-26,True,Match
28458827,PMC5400487,A mesocolonic lymphangioma in an adult with peritonitis: a case report.,J Surg Case Rep,2023-12-17-22-16-26,True,Match
28512390,PMC5422721,Cystic Lymphangioma of the Colon: Endoscopic Removal beyond the Frontiers of Size.,Case Rep Gastroenterol,2023-12-17-22-16-26,True,Match
28515992,PMC5424661,Dermoscopy of cutaneous lymphangioma circumscriptum.,Dermatol Pract Concept,2023-12-17-22-16-26,True,Match
28534344,PMC5469922,Orbital Lymphangioma: Characteristics and Treatment Outcomes of 12 Cases.,Korean J Ophthalmol,2023-12-17-22-16-26,True,Match
28683719,PMC5501511,Microbubbles in macrocysts - Contrast-enhanced ultrasound assisted sclerosant therapy of a congenital macrocystic lymphangioma: a case report.,BMC Med Imaging,2023-12-17-22-16-26,True,Match
28718090,PMC5514012,A large retroperitoneal lymphatic malformation successfully treated with traditional Japanese Kampo medicine in combination with surgery.,Surg Case Rep,2023-12-17-22-16-26,True,NotMatch
28761841,PMC5518576,Multiple Verrucous Hemangiomas: A Case Report with New Therapeutic Insight.,Indian Dermatol Online J,2023-12-17-22-16-26,True,NotMatch
28791276,PMC5547092,Fibroepithelial polyp of the vulva accompanied by lymphangioma circumscriptum.,Obstet Gynecol Sci,2023-12-17-22-16-26,True,Match
28868471,PMC5580107,Cystic Pancreatic Lymphangioma - Diagnostic Role of Endoscopic Ultrasound.,GE Port J Gastroenterol,2023-12-17-22-16-26,True,Match
28905842,PMC5621281,Malignant perivascular epithelioid cell tumor of the orbit: Report of a case and review of literature.,Indian J Ophthalmol,2023-12-17-22-16-26,True,NotMatch
28913305,PMC5556746,"Treatment of Tongue Lymphangioma with Intralesional Combination Injection of Steroid, Bleomycin and Bevacizumab.",Arch Craniofac Surg,2023-12-17-22-16-26,True,Match
28932041,PMC5596682,Hemangiolymphangioma of buccal mucosa: A rare case report.,J Oral Maxillofac Pathol,2023-12-17-22-16-26,True,Match
28955596,PMC5573474,Cavernous lymphangioma of the tongue in an adult: a case report.,J Istanb Univ Fac Dent,2023-12-17-22-16-26,True,Match
29061139,PMC5654095,Evaluation of lymphatic vessel dilatations by anterior segment swept-source optical coherence tomography: case report.,BMC Ophthalmol,2023-12-17-22-16-26,True,NotMatch
29062665,PMC5640371,Spontaneous Regression of Lymphangiomas in a Single Center Over 34 Years.,Plast Reconstr Surg Glob Open,2023-12-17-22-16-26,True,Match
29081933,PMC5643949,Cystic intra-abdominal masses in children.,Pediatr Rep,2023-12-17-22-16-26,True,NotMatch
29085430,PMC5611870,Systemic Cystic Angiomatosis Mimicking Metastatic Cancer: A Case Report and Review of the Literature.,Case Rep Med,2023-12-17-22-16-26,True,NotMatch
29114705,PMC5767620,Splenic lymphangioma in an adult.,Saudi Med J,2023-12-17-22-16-26,True,Match
29138659,PMC5681013,[Lymphangioma of the breast: about a case].,Pan Afr Med J,2023-12-17-22-16-26,True,Match
29151529,PMC5891519,Rare Case of Pancreatic Cystic Lymphangioma.,Intern Med,2023-12-17-22-16-26,True,Match
29186257,PMC5514585,Lymphangioma secondary to irradiation after mastectomy.,An Bras Dermatol,2023-12-17-22-16-26,True,Match
29201481,PMC5672607,Cystic Lymphangioma of the Chest Wall in a 5-Year-Old Male Patient: A Rare and Atypical Localization-A Case Report and Comprehensive Review of the Literature.,Case Rep Pediatr,2023-12-17-22-16-26,True,Match
29267433,PMC5726664,Acquired lymphangiomas mimicking multiple hallux warts.,An Bras Dermatol,2023-12-17-22-16-26,True,Match
29333427,PMC5765279,Surgery of multiple lymphangioma in small bowel: a rare case report of chronic gastrointestinal bleeding.,Ann Surg Treat Res,2023-12-17-22-16-26,True,Match
29361923,PMC5782390,Percutaneous therapy of a mediastinal lymphangioma with fibrin glue: case report with clinical success after 4 years.,BMC Surg,2023-12-17-22-16-26,True,Match
29386763,PMC5772093,Ileal Cystic Lymphangioma presenting with Acute Appendicitis.,J Indian Assoc Pediatr Surg,2023-12-17-22-16-26,True,Match
29387752,PMC5771770,Acquired lymphangioma circumscriptum of the genitals in an individual with chronic hidradenitis suppurativa.,JAAD Case Rep,2023-12-17-22-16-26,True,Match
29390423,PMC5758125,The use of sirolimus in the treatment of giant cystic lymphangioma: Four case reports and update of medical therapy.,Medicine (Baltimore),2023-12-17-22-16-26,True,Match
29451158,PMC5830838,Lymphangioma Circumscriptum in Vulva with Klippel-Trenaunay Syndrome.,Chin Med J (Engl),2023-12-17-22-16-26,True,Match
29479419,PMC5811846,"Lymphangioma cavernous of the small bowel mesentery, an infrequent cause of acute abdomen in adult.",J Surg Case Rep,2023-12-17-22-16-26,True,Match
29484059,PMC5823298,Triparametric ultrasound in differentiating multicystic renal masses: a rare presentation of unilateral focal renal lymphangioma.,Radiol Case Rep,2023-12-17-22-16-26,True,Match
29491618,PMC5824501,Oral lymphangiomas - clinical and histopathological relations: An immunohistochemically analyzed case series of varied clinical presentations.,J Oral Maxillofac Pathol,2023-12-17-22-16-26,True,Match
29515746,PMC5837141,[Unusual macrocystic lymphatic malformation in an adult patient].,Pan Afr Med J,2023-12-17-22-16-26,True,NotMatch
29543313,PMC5893924,Splenic lymphangioma in an adult.,Saudi Med J,2023-12-17-22-16-26,True,Match
29546019,PMC5709314,Small bowel lymphangioma causing ileo-ileal intussusception in adults.,Int J Surg Case Rep,2023-12-17-22-16-26,True,Match
29612485,PMC5425456,Case of Hæmangio-Lymphangioma of the Neck of the Child Causing Delay in Labour.,Trans Edinb Obstet Soc,2023-12-17-22-16-26,True,Match
29632800,PMC5889299,Unilateral Straight Hair-A Symptom of Acquired Horner's Syndrome in a Neonate.,European J Pediatr Surg Rep,2023-12-17-22-16-26,True,NotMatch
29656712,PMC5901864,Isolated splenic lymphangioma presenting as a huge mass causing anemia and abdominal distension in an adult patient: a case report.,J Med Case Rep,2023-12-17-22-16-26,True,Match
29686910,PMC5852848,Cystic Lymphangioma: Are Triglycerides Always Measurable?,Case Rep Gastrointest Med,2023-12-17-22-16-26,True,Match
29780786,PMC5956127,Ex utero intrapartum treatment procedure in two fetuses with airway obstruction.,Obstet Gynecol Sci,2023-12-17-22-16-26,True,NotMatch
29785367,PMC5958815,Retroperitoneal cystic lymphangioma in an adult: A case report.,Urol Case Rep,2023-12-17-22-16-26,True,Match
29796322,PMC5896405,A Supernumerary Nipple-Like Clinical Presentation of Lymphangioma Circumscriptum.,Case Rep Dermatol Med,2023-12-17-22-16-26,True,Match
29876049,PMC5961304,Symptomatic lymphangioma of the adrenal gland: a case report.,J Surg Case Rep,2023-12-17-22-16-26,True,Match
29881573,PMC5985987,"A young woman with steroid-responsive, IgG4-positive plasma cell-enriched cystic lymphangioma and chylous ascites.",Clin Case Rep,2023-12-17-22-16-26,True,Match
29928081,PMC5992947,Is multiple session of intralesional bleomycin mandatory for complete resolution of macrocystic lymphatic malformation?,Indian J Plast Surg,2023-12-17-22-16-26,True,NotMatch
29995757,PMC6076115,Cystic lymphangioma of pancreas: A rare case report and review of the literature.,Medicine (Baltimore),2023-12-17-22-16-26,True,Match
30002781,PMC6041379,Lymphangiomatosis in a 14-year-old female presenting with chylothorax and multiple cystic lesions.,Radiol Case Rep,2023-12-17-22-16-26,True,Match
30034966,PMC6051554,Adult Cystic Lymphangioma of the Parotid Gland: An Unwonted Presentation.,Cureus,2023-12-17-22-16-26,True,Match
30065449,PMC6029282,Prenatal Ultrasound Evaluation and Outcome of Pregnancy with Fetal Cystic Hygromas and Lymphangiomas.,J Med Ultrasound,2023-12-17-22-16-26,True,Match
30090138,PMC6057183,A Case of Intraorbital Intraconal Lymphangioma with Post-traumatic Apoplexy.,J Pediatr Neurosci,2023-12-17-22-16-26,True,Match
30100956,PMC6080968,[The superficial circumscribed lymphangioma of the tongue].,Pan Afr Med J,2023-12-17-22-16-26,True,Match
30105531,PMC6089858,Single-port laparoscopic-assisted resection for a large abdominal cystic lymphangioma: a case report.,Surg Case Rep,2023-12-17-22-16-26,True,Match
30131951,PMC6090038,New Approach to Rare Pediatric Multicystic Mesenteric Lymphangioma; Would It Guide the Development of Targeted Therapy?,Front Pediatr,2023-12-17-22-16-26,True,Match
30197739,PMC6125285,[Intraperitoneal cystic lymphangioma and Crohn's disease: an exceptional association].,Pan Afr Med J,2023-12-17-22-16-26,True,Match
30210794,PMC6132174,Jejunal lymphangioma causing intussusception in an adult: An unusual case with review of the literature.,Ann Med Surg (Lond),2023-12-17-22-16-26,True,Match
30214783,PMC6132137,Prenatally diagnosed large mediastinal lymphangioma: A case report.,Clin Case Rep,2023-12-17-22-16-26,True,Match
30306048,PMC6171323,Giant cystic lymphangioma of adrenal gland: A case report and review of the literature.,Urol Case Rep,2023-12-17-22-16-26,True,Match
30368126,PMC6205072,A case report of Lipoblastoma: Presenting as a swelling in the nape of the neck of 14 years old girl.,Int J Surg Case Rep,2023-12-17-22-16-26,True,NotMatch
30407286,PMC6250559,Concomitant breast and axillary lymphangioma in an adult: A case report and a review of the literature.,Medicine (Baltimore),2023-12-17-22-16-26,True,Match
30428442,PMC6232616,Lymphangioma of the heart as a rare tumor: A case report.,Int J Surg Case Rep,2023-12-17-22-16-26,True,Match
30459921,PMC6208209,Retrobulbar Lymphangioma: A Rare Case Report.,Asian J Neurosurg,2023-12-17-22-16-26,True,Match
30592710,PMC6310240,Podoplanin+ tumor lymphatics are rate limiting for breast cancer metastasis.,PLoS Biol,2023-12-17-22-16-26,True,NotMatch
30595806,PMC6304307,Experience in the diagnosis and treatment of mesenteric lymphangioma in adults: A case report and review of literature.,World J Gastrointest Oncol,2023-12-17-22-16-26,True,Match
30613066,PMC6506744,Giant intra-abdominal cystic lymphangioma.,Korean J Intern Med,2023-12-17-22-16-26,True,Match
30631631,PMC6304860,A Case of Lymphangioma of the Anal Canal.,Case Rep Surg,2023-12-17-22-16-26,True,Match
30633187,PMC6336646,The diagnosis and treatment of cardiac lymphangioma: A case report and literature review.,Medicine (Baltimore),2023-12-17-22-16-26,True,Match
30651966,PMC6329364,Colonic lymphangioma presenting with intermittent pain and intussusception.,J Surg Case Rep,2023-12-17-22-16-26,True,Match
30656126,PMC6326613,Mammary Analogue Secretory Carcinoma Arising in the Parotid Gland of Child.,Plast Reconstr Surg Glob Open,2023-12-17-22-16-26,True,NotMatch
30697407,PMC6344922,Is pneumatosis cystoides intestinalis a lymphatic pathology?: A case of small bowel lymphangioma and subsequent development of pneumatosis cystoides intestinalis in a 57-year-old female.,J Surg Case Rep,2023-12-17-22-16-26,True,Match
30705756,PMC6348653,Penile Lymphangioma: review of the literature with a case presentation.,Basic Clin Androl,2023-12-17-22-16-26,True,Match
30713301,PMC6548924,The Incidence of Nonmalignant Diseases among Patients with Suspected Carcinoma of Unknown Primary Site.,Intern Med,2023-12-17-22-16-26,True,NotMatch
30792842,PMC6371853,Massive adult cystic lymphangioma of the breast.,J Surg Case Rep,2023-12-17-22-16-26,True,Match
30886754,PMC6388320,Elbow Cystic Lymphangioma in an 8-Month-Old Boy.,Case Rep Orthop,2023-12-17-22-16-26,True,Match
30936605,PMC6423435,Lymphangioma of the Thoracic Spine with Epidural Compression: A Case Report.,Iran J Med Sci,2023-12-17-22-16-26,True,Match
30963055,PMC6433142,Cystic lesion of pectoralis minor muscle: learning from mistakes.,Autops Case Rep,2023-12-17-22-16-26,True,NotMatch
30992989,PMC6449703,Lymphangiomatosis of the ileum with perforation: A case report and review of the literature.,Ann Med Surg (Lond),2023-12-17-22-16-26,True,Match
30997047,PMC6452527,"Cutaneous lymphangioma circumscriptum: The relevance of clinical, dermoscopic, radiological, and histological assessments.",Clin Case Rep,2023-12-17-22-16-26,True,Match
31065327,PMC6488276,[Cystic lymphangioma of the spermatic cord: about case].,Pan Afr Med J,2023-12-17-22-16-26,True,Match
31125789,PMC6531822,Giant sixteen kilogram lymphangioma mesenteric cyst: An unusual presentation of a rare benign tumour.,Int J Surg Case Rep,2023-12-17-22-16-26,True,Match
31143702,PMC6530267,Ileal volvulus secondary to cystic lymphangioma: A rare case report with a literature review.,Avicenna J Med,2023-12-17-22-16-26,True,Match
31198614,PMC6526578,Pleural-Based Intrathoracic Cystic Lymphangioma in an Infant Mimicking a Pneumonia.,Case Rep Pediatr,2023-12-17-22-16-26,True,Match
31211054,PMC6563211,An adrenal cystic lymphangioma: A case report of a rare tumor.,Urol Case Rep,2023-12-17-22-16-26,True,Match
31213581,PMC6597138,Lymphatic Malformation of the Nasopharynx in a Young Pregnant Female: A Case Report.,Am J Case Rep,2023-12-17-22-16-26,True,NotMatch
31240145,PMC6556350,Case Report of a Rare Cystic Mediastinal Lymphangioma Mimicking Recurrent Pleural Effusion.,Case Rep Radiol,2023-12-17-22-16-26,True,Match
31242868,PMC6595566,Esophageal lymphangioma: a case report and review of literature.,BMC Gastroenterol,2023-12-17-22-16-26,True,Match
31252381,PMC6600042,Giant myxoid liposarcoma of the stomach: Report of a case.,Int J Surg Case Rep,2023-12-17-22-16-26,True,NotMatch
31258275,PMC6568154,Mature Cystic Teratoma of Renal Pelvis: An Unusual Presentation at an Uncommon Site.,J Indian Assoc Pediatr Surg,2023-12-17-22-16-26,True,NotMatch
31341860,PMC6635342,Genital Lesions Masquerading as Condyloma Acuminata: A Case Series Report.,Iran J Public Health,2023-12-17-22-16-26,True,NotMatch
31399398,PMC6718053,Cystic mesenteric lymphangioma: A case report.,Int J Surg Case Rep,2023-12-17-22-16-26,True,Match
31423442,PMC6695537,Gastric duplication cyst mimicking large cystic lymphangioma in an adult: A rare case report and review of the literature.,World J Clin Cases,2023-12-17-22-16-26,True,Match
31430605,PMC6717100,Splenic lymphangioma.,Int J Surg Case Rep,2023-12-17-22-16-26,True,Match
31449631,PMC6601178,A case report: multiple right ventricular diverticula with constrictive pericarditis and right heart failure.,Eur Heart J Case Rep,2023-12-17-22-16-26,True,NotMatch
31489216,PMC6711268,Rare huge retroperitoneal cystic lymphangioma presenting as acute abdomen in an adult.,BJR Case Rep,2023-12-17-22-16-26,True,Match
31501694,PMC6726169,Sclerosing angiomatoid nodular transformation (SANT) of the spleen: A case report on CT and MRI.,BJR Case Rep,2023-12-17-22-16-26,True,NotMatch
31564993,PMC6731960,Large cystic lymphangioma of pancreas mimicking mucinous neoplasm: case report with a review of histological differential diagnosis.,Int Med Case Rep J,2023-12-17-22-16-26,True,Match
31616279,PMC6792429,Acquired Lymphangioma Circumscriptum of the Penis Treated by Electrocoagulation.,Case Rep Dermatol,2023-12-17-22-16-26,True,Match
31616749,PMC6658065,Mucosal Scalping of a Subepithelial Lesion: A Naked Colonic Lymphangioma.,ACG Case Rep J,2023-12-17-22-16-26,True,Match
31620643,PMC6784650,Incidentally found cystic lymphangioma of the adrenal gland in an elderly male cadaver.,Yeungnam Univ J Med,2023-12-17-22-16-26,True,Match
31622933,PMC6796738,Pediatric patients with mesenteric cystic lymphangioma: A case series.,Int J Surg Case Rep,2023-12-17-22-16-26,True,Match
31636885,PMC6796166,A rare case of spontaneous splenic rupture complicated by hemophilia A.,J Surg Case Rep,2023-12-17-22-16-26,True,NotMatch
31637078,PMC6766113,Abdominal Lymphangioma and Hemangioma in a Newborn.,Case Rep Pediatr,2023-12-17-22-16-26,True,Match
31651341,PMC6814111,Cystic lymphangioma in the peripheral jejunal mesentery in an adult and excision with laparoscopic-assisted surgery: a case report.,World J Surg Oncol,2023-12-17-22-16-26,True,Match
31658796,PMC6822067,Reduction glossectomy of congenital macroglossia due to lymphangioma.,Arch Craniofac Surg,2023-12-17-22-16-26,True,Match
31700851,PMC6827547,Peri-Umbilical Lymphangioma Circumscriptum Associated with Intra-Abdominal Lymphatic Malformations.,Dermatopathology (Basel),2023-12-17-22-16-26,True,Match
31723502,PMC6825453,Adrenal Cystic Lymphangioma: An Unexpected Pathological Finding in a Constellation of Uncontrolled Hypertension and Hypercalcemia.,Cureus,2023-12-17-22-16-26,True,Match
31728226,PMC6839678,Intraoral Foregut Cystic Developmental Malformations: Three cases with a brief review of literature.,Sultan Qaboos Univ Med J,2023-12-17-22-16-26,True,NotMatch
31754534,PMC6837796,Preoperative contrast-enhanced computed tomographic characterisation of pancreatic cystic lesions: A prospective study.,SA J Radiol,2023-12-17-22-16-26,True,NotMatch
31766989,PMC6876094,"Case report: horse or zebra, ascites or pseudo-ascites? Care for pictural details!",BMC Pediatr,2023-12-17-22-16-26,True,NotMatch
31798825,PMC6882268,White mesentery and chylous ascites: an interesting presentation of mesenteric lymphangioma.,J Surg Case Rep,2023-12-17-22-16-26,True,Match
31799020,PMC6883479,Diagnosis of Pancreatic Cystic Lesions by Virtual Slicing: Comparison of Diagnostic Potential of Needle-Based Confocal Laser Endomicroscopy versus Endoscopic Ultrasound-Guided Fine-Needle Aspiration.,J Pathol Inform,2023-12-17-22-16-26,True,NotMatch
31895826,PMC6946562,Laparoscopic resection of abdominal cystic lymphangioma derived from lesser omentum: Case report.,Medicine (Baltimore),2023-12-17-22-16-26,True,Match
31896901,PMC6910060,Generalized Lymphangioma of the Tongue: A Rare Cause of Macroglossia.,J Indian Assoc Pediatr Surg,2023-12-17-22-16-26,True,Match
31901559,PMC6940693,"Lymphangioma of the ileum causing acute abdominal pain in an adult, a very rare finding during surgery; Case report with literature review.",Int J Surg Case Rep,2023-12-17-22-16-26,True,Match
31988776,PMC6971432,Splenic mass of uncertain etiology in a 15-year-old male patient: a case report.,Acute Med Surg,2023-12-17-22-16-26,True,NotMatch
32015966,PMC6993911,Giant Cystic Mediastinal Lymphangioma.,Eur J Case Rep Intern Med,2023-12-17-22-16-26,True,Match
32082690,PMC7008304,Cystic Lymphangioma of the Greater Omentum: A Case of Partial Spontaneous Regression and Review of the Literature.,Case Rep Surg,2023-12-17-22-16-26,True,Match
32086147,PMC7029340,Splenic lymphangioma in adulthood: A case report.,Int J Surg Case Rep,2023-12-17-22-16-26,True,Match
32139985,PMC7020678,Intralesional Sclerotherapy with Bleomycin in Lymphatic Malformation of Tongue an Institutional Experience and Outcomes.,J Indian Assoc Pediatr Surg,2023-12-17-22-16-26,True,NotMatch
32171498,PMC9373562,[The multidisciplinary challenge of anesthesia for ex utero intrapartum treatment: a case report].,Braz J Anesthesiol,2023-12-17-22-16-26,True,NotMatch
32174741,PMC7050451,Intralesional bleomycin: A treatment modality for conjunctival lymphangioma.,Oman J Ophthalmol,2023-12-17-22-16-26,True,Match
32181195,PMC7057866,A Case of Adult Orbital Intraconal Lymphangioma.,Asian J Neurosurg,2023-12-17-22-16-26,True,Match
32284867,PMC7139174,False vocal cord perforation with abscess treated by negative pressure wound therapy.,SAGE Open Med Case Rep,2023-12-17-22-16-26,True,NotMatch
32307015,PMC7168981,Long-term symptom control following resection of cervical lymphatic malformations: a case series.,J Otolaryngol Head Neck Surg,2023-12-17-22-16-26,True,NotMatch
32308353,PMC7152520,Small intestinal hemolymphangioma treated with enteroscopic injection sclerotherapy: A case report and review of literature.,World J Gastroenterol,2023-12-17-22-16-26,True,Match
32317831,PMC7164741,Anogenital Papular Lesions in Children Five Year Old and Younger: Gender Differences.,Med Arch,2023-12-17-22-16-26,True,NotMatch
32341741,PMC7170737,Huge omental lymphangioma with haemorrhage in children: case report.,Pan Afr Med J,2023-12-17-22-16-26,True,Match
32440329,PMC7229823,Intra-abdominal cystic lymphangioma of the mesocolon sigmoids: a rare entity in adult patient woman.,J Surg Case Rep,2023-12-17-22-16-26,True,Match
32460087,PMC7248580,Retroperitoneal mesothelial cyst misdiagnosed as a congenital choledochal cyst for an infant patient: A case report and literature review.,Int J Surg Case Rep,2023-12-17-22-16-26,True,NotMatch
32482545,PMC7335882,Atypical lymphangioma and hyperkeratosis in a patient with morbid obesity.,An Bras Dermatol,2023-12-17-22-16-26,True,Match
32518789,PMC7262707,Positron emission tomography/computed tomography findings of multiple cystic lymphangiomas in an adult: A case report.,World J Clin Cases,2023-12-17-22-16-26,True,Match
32550956,PMC7292890,Late diagnosis of generalized lymphangiomatosis in a woman presenting with respiratory distress.,Radiol Case Rep,2023-12-17-22-16-26,True,Match
32553939,PMC7300243,Adult axillary lymphangioma removal using indocyanine green fluorescence imaging system: A case report.,Int J Surg Case Rep,2023-12-17-22-16-26,True,Match
32557234,PMC7303252,Laparoscopic partial splenectomy for splenic lymphangioma: a case report.,Surg Case Rep,2023-12-17-22-16-26,True,Match
32617063,PMC7326673,Clinical Characteristics of and Cancer Incidence in Children Evaluated for Lymphadenoapthy Referred to Pediatric Oncology Clinics.,Sisli Etfal Hastan Tip Bul,2023-12-17-22-16-26,True,NotMatch
32641892,PMC7331837,Primary intrathymic lymphangioma in an infant.,Ann Pediatr Cardiol,2023-12-17-22-16-26,True,Match
32664076,PMC7360192,Pediatric cystic lymphangioma of the retroperitoneum: A case report and review of the literature.,Medicine (Baltimore),2023-12-17-22-16-26,True,Match
3267366,PMC3053671,Solitary angiokeratoma developed in one area of lymphangioma circumscriptum.,J Korean Med Sci,2023-12-17-22-16-26,True,Match
32676544,PMC7333552,Protein-Losing Enteropathy in Primary Lymphangiectasia.,J Belg Soc Radiol,2023-12-17-22-16-26,True,NotMatch
32684161,PMC7370489,Unusual fetal ascites and spontaneous bladder rupture in a female fetus: a case report.,J Med Case Rep,2023-12-17-22-16-26,True,NotMatch
32695703,PMC7367591,Klippel-Trenaunay Syndrome with Arterio-veno-lymphatic Malformation: A Rare Presentation.,Indian Dermatol Online J,2023-12-17-22-16-26,True,NotMatch
32725385,PMC7387393,Multifocal cholesterol granulomas of the anterior mediastinum.,Surg Case Rep,2023-12-17-22-16-26,True,NotMatch
32727377,PMC7391610,Characteristics of adult abdominal cystic Lymphangioma: a single-center Chinese cohort of 12 cases.,BMC Gastroenterol,2023-12-17-22-16-26,True,Match
32733766,PMC7384513,Ex Utero Intrapartum Treatment (Exit) of Gigantic Intrapartum Lymphangioma and Its Management Dilemma - A Case Report.,Medeni Med J,2023-12-17-22-16-26,True,Match
32760485,PMC7394139,Cystic lymphangioma in adult: a case report and a review of the literature.,J Surg Case Rep,2023-12-17-22-16-26,True,Match
32766359,PMC7375487,Symptomatic Giant Mesenteric Cystic Lymphangioma in Adulthood.,ACG Case Rep J,2023-12-17-22-16-26,True,Match
32784333,PMC7478803,Dermoscopic features of cutaneous lymphangioma circumscriptum of the scrotum.,Chin Med J (Engl),2023-12-17-22-16-26,True,Match
32794475,PMC7414826,"The Fetal Phenotype of Noonan Syndrome Caused by Severe, Cancer-Related PTPN11 Variants.",Am J Case Rep,2023-12-17-22-16-26,True,NotMatch
32801423,PMC7395955,Parapharyngeal Schwannoma Masquerading as Lymphangioma.,Iran J Med Sci,2023-12-17-22-16-26,True,Match
32850172,PMC7441442,Macrocystic Adult Penile Lymphangioma: A Rare Presentation.,Case Rep Urol,2023-12-17-22-16-26,True,Match
32850534,PMC7399047,Early Adjuvant Medication With the mTOR Inhibitor Sirolimus in a Preterm Neonate With Compressive Cystic Lymphatic Malformation.,Front Pediatr,2023-12-17-22-16-26,True,NotMatch
32874540,PMC7449550,Giant lymphatic malformation causing abdominal compartment syndrome in a neonate: a rare surgical emergency.,J Surg Case Rep,2023-12-17-22-16-26,True,NotMatch
32919336,PMC7490987,Extensive parapharyngeal lymphangioma in a adult-Case report and review of literature.,Int J Surg Case Rep,2023-12-17-22-16-26,True,Match
32949911,PMC7502782,Congenital intestinal atresia associated with a mesenteric cystic lymphangioma in a low birth weight neonate: A case report.,Int J Surg Case Rep,2023-12-17-22-16-26,True,Match
32950942,PMC7508682,A case report of recurrent intussusception caused by small bowel lymphangioma in an adult.,Int J Surg Case Rep,2023-12-17-22-16-26,True,Match
32953098,PMC7484498,Unusual location and complication of a cystic lymphangioma: A case report.,Ann Med Surg (Lond),2023-12-17-22-16-26,True,Match
32963873,PMC7492907,Robot-Assisted Partial Splenectomy for Splenic Epidermoid Cyst.,Case Rep Surg,2023-12-17-22-16-26,True,NotMatch
32983433,PMC7493041,Mesenteric cyst presenting with acute abdomen pain and bowel obstruction: Case report and brief literature review.,Ann Med Surg (Lond),2023-12-17-22-16-26,True,NotMatch
32986288,PMC7606011,Rare cystic lymphangioma in the chest wall of an adult patient: A case report and comprehensive review of the literature.,Thorac Cancer,2023-12-17-22-16-26,True,Match
32987290,PMC7522038,Hemorrhagic shock from post-traumatic rupture of microcystic splenic lymphangioma: A case report and review of the literature.,Int J Surg Case Rep,2023-12-17-22-16-26,True,Match
32991473,PMC7523828,"Usefulness of 99mTc-ASC lymphoscintigraphy and SPECT/CT in the evaluation of rare lymphatic disorders: Gorham-Stout disease, lymphangioma, and lymphangioleiomyomatosis.",Medicine (Baltimore),2023-12-17-22-16-26,True,Match
32995416,PMC7508913,Hyphema-like sign in dermatoscopy of a lymphangioma.,JAAD Case Rep,2023-12-17-22-16-26,True,Match
33000344,PMC7527379,Unusual giant multilocular mesothelial cyst of mediastinum.,Surg Case Rep,2023-12-17-22-16-26,True,NotMatch
33028259,PMC7541246,Ex-Utero Intrapartum Treatment (EXIT): indications and outcome in fetal cervical and oropharyngeal masses.,BMC Pregnancy Childbirth,2023-12-17-22-16-26,True,NotMatch
33083428,PMC7559670,Solitary hepatic lymphangioma mimicking liver malignancy: A case report and literature review.,World J Clin Cases,2023-12-17-22-16-26,True,Match
33102098,PMC7574034,A case of adrenal lymphangioma resected laparoscopically with minimal invasiveness.,Urol Case Rep,2023-12-17-22-16-26,True,Match
33102105,PMC7574047,A rare case of a retroperitoneal lymphangioma causing chronic flank pain in an adult.,Urol Case Rep,2023-12-17-22-16-26,True,Match
33161289,PMC7653000,Jejunal mesenteric lymphangioma treated by pancreaticoduodenectomy: A case report.,Int J Surg Case Rep,2023-12-17-22-16-26,True,Match
33224397,PMC7666368,Intra-abdominal lymphangioma: A case report.,Radiol Case Rep,2023-12-17-22-16-26,True,Match
33282428,PMC7685843,A Report of a Large Axillary Cystic Hygroma (a.k.a Lymphangioma) in a Newborn from a Tertiary Hospital in Northern Tanzania.,Case Rep Surg,2023-12-17-22-16-26,True,Match
33324710,PMC7725255,A Rare Presentation of Omental Lymphangioma Masquerading as Malignancy in an Adult Patient.,ACG Case Rep J,2023-12-17-22-16-26,True,Match
33342834,PMC8051630,Ultrasonographic review of pediatric breast masses among Nigerian children in a tertiary hospital.,Afr J Paediatr Surg,2023-12-17-22-16-26,True,NotMatch
33344293,PMC7703464,Benign multicystic peritoneal mesothelioma: literature review and update.,Autops Case Rep,2023-12-17-22-16-26,True,NotMatch
33363719,PMC7750175,Giant cystic lymphangioma of the stomach: A case report.,Ann Med Surg (Lond),2023-12-17-22-16-26,True,Match
33363832,PMC7752501,Cervical lymphatic malformation demonstrating thyroglobulin on fine needle aspirate washout.,Clin Case Rep,2023-12-17-22-16-26,True,NotMatch
33424097,PMC7780820,Telangiectatic Carcinoma - Like Lymphangioma Circumscriptum. A Rare Form of Cutaneous Metastasis of Breast Carcinoma: Case Report.,Med Arch,2023-12-17-22-16-26,True,Match
33437481,PMC7788561,Abdominal cystic lymphangioma mimicking ovarian mass: A case report and literature review.,Mol Clin Oncol,2023-12-17-22-16-26,True,Match
33437648,PMC7787964,Retroperitoneal cystic lymphangioma-a case report.,Urol Case Rep,2023-12-17-22-16-26,True,Match
33487708,PMC7810065,Truncal Varicosities and Bilateral Port-wine Stain with Spinal Deformities Associated with Klippel-Trenaunay-Weber Syndrome.,Indian J Dermatol,2023-12-17-22-16-26,True,NotMatch
33488523,PMC7815587,An Unexpected Case Report of Adrenal Lymphangioma: Mimicking Metastatic Tumor on Imaging in a Patient With Pancreatic Cancer.,Front Endocrinol (Lausanne),2023-12-17-22-16-26,True,Match
33528281,PMC7871067,Haemorrhagic ileal haemolymphangioma: a case report and review of the literature.,J Int Med Res,2023-12-17-22-16-26,True,Match
33530180,PMC7850743,Multiple simple cystic metastases in the lateral neck at presentation with papillary thyroid microcarcinoma: A case report.,Medicine (Baltimore),2023-12-17-22-16-26,True,NotMatch
33552805,PMC7859016,Negative-pressure Wound Therapy for Sacral Pressure Ulcer in Gorham-Stout Disease.,Plast Reconstr Surg Glob Open,2023-12-17-22-16-26,True,NotMatch
33604210,PMC7880827,Recurrent Leiomyosarcoma With Malignant Transformation.,Cureus,2023-12-17-22-16-26,True,NotMatch
33620608,PMC8255260,Diagnostic value of echocardiography in paracardiac cystic lesions: 43 cases from one single medical center.,Int J Cardiovasc Imaging,2023-12-17-22-16-26,True,NotMatch
33636409,PMC7918257,Mesenteric cystic lymphangioma: A case report.,Int J Surg Case Rep,2023-12-17-22-16-26,True,Match
33654610,PMC7910224,Lymphangioma Formation Following Hyaluronic Acid Injection for Lip Augmentation.,Cureus,2023-12-17-22-16-26,True,Match
33680270,PMC7917463,"Giant esophageal hemangioma diagnosed by (99m)Tc-HSA-D scintigraphy following equivocal CT, MRI, and endoscopy.",Radiol Case Rep,2023-12-17-22-16-26,True,NotMatch
33708376,PMC7935646,A rare case of retroperitoneal lymphangioma in a 74-year-old Chinese male.,J Surg Case Rep,2023-12-17-22-16-26,True,Match
33728165,PMC7946611,Painful Abdominal Lump in the Pediatric Age Group: A Diagnostic Dilemma.,Cureus,2023-12-17-22-16-26,True,NotMatch
33747431,PMC7958348,Cystic lymphangioma in adult-a rare case scenario or a misdiagnosis?,J Surg Case Rep,2023-12-17-22-16-26,True,Match
33747502,PMC7972952,A rare case report of giant de novo cervical cystic hygroma in an elderly patient: Case report.,Ann Med Surg (Lond),2023-12-17-22-16-26,True,NotMatch
33774449,PMC8039560,Myopericytoma in right inguinal region: A rare case report from Nepal.,Int J Surg Case Rep,2023-12-17-22-16-26,True,NotMatch
33784853,PMC8020107,Metastasis of primary breast angiosarcoma to axillary and supraclavicular lymph nodes: a rare case diagnosed using imaging data.,J Int Med Res,2023-12-17-22-16-26,True,NotMatch
33815861,PMC7994076,Pathological Discrepancy: Simple Mesenteric Cyst vs. Mesenteric Lymphangioma.,Case Rep Surg,2023-12-17-22-16-26,True,Match
33823798,PMC8022400,Ectopic pancreas appearing as a giant gastric cyst mimicking gastric lymphangioma: a case report and a brief review.,BMC Gastroenterol,2023-12-17-22-16-26,True,Match
33829066,PMC8021374,Correction to: A Rare Presentation of Omental Lymphangioma Masquerading as Malignancy in an Adult Patient.,ACG Case Rep J,2023-12-17-22-16-26,True,Match
33853437,PMC8053768,Large thyroglossal duct cyst of the neck mimicking cervical cystic lymphangioma in a neonate: a case report.,J Int Med Res,2023-12-17-22-16-26,True,Match
33897180,PMC8051672,Management of macrocystic lymphatic malformation at uncommon site with aqueous bleomycin sclerotherapy.,Natl J Maxillofac Surg,2023-12-17-22-16-26,True,NotMatch
33911048,PMC8084744,Sialolithiasis of minor salivary gland: a challenging diagnostic dilemma.,J Korean Assoc Oral Maxillofac Surg,2023-12-17-22-16-26,True,NotMatch
33911413,PMC8061645,Bleomycin Sclerotherapy in Massive Macrocystic Lymphatic Malformation: Minimal Complications with Maximum Results.,J Cutan Aesthet Surg,2023-12-17-22-16-26,True,NotMatch
33911626,PMC7992768,Cutaneous Lymphangioma Circumscriptum Occurred Seven Years after Surgery with Soft Tissue Cystic Lymphangioma.,Ann Dermatol,2023-12-17-22-16-26,True,Match
33937381,PMC8079740,Case Report: Multiple Cavernous Pericardial Lymphangioma (Pericardial Lymphangiomatosis) in a Captive Peregrine Falcon (Falco peregrinus brookei).,Front Vet Sci,2023-12-17-22-16-26,True,Match
34002152,PMC8107886,Acute spontaneous thoracic epidural hematoma associated with intraspinal lymphangioma: A case report.,World J Clin Cases,2023-12-17-22-16-26,True,Match
34011084,PMC8137064,"Pneumonia, pleurisy, mediastinitis, and mediastinal cyst infection secondary to endobronchial ultrasound-guided transbronchial needle aspiration: A case report.",Medicine (Baltimore),2023-12-17-22-16-26,True,NotMatch
34036052,PMC8138721,Massive unilateral fetal axillary lymphangioma: A case report.,Case Rep Womens Health,2023-12-17-22-16-26,True,Match
34046133,PMC8140682,Laparoscopic-assisted excision of a huge polycystic omental lymphangioma in a 3 year old patient presenting with acute abdomen: case report and review.,Pan Afr Med J,2023-12-17-22-16-26,True,Match
34046480,PMC8130063,Lymphangiomatosis associated with protein losing enteropathy: A case report.,World J Clin Cases,2023-12-17-22-16-26,True,Match
34054491,PMC8136313,Orbital Lymphatic-Venous Malformation Accompanied by an Intraocular Vascular Malformation: A Rare Case Study.,Case Rep Ophthalmol,2023-12-17-22-16-26,True,NotMatch
34083978,PMC8123246,Primary lymphangioma of palatine tonsil.,J Oral Maxillofac Pathol,2023-12-17-22-16-26,True,Match
34094565,PMC8141978,A case of giant retroperitoneal lymphangioma and IgG4-positive fibrosis: Causality or coincidence?,SAGE Open Med Case Rep,2023-12-17-22-16-26,True,Match
34104911,PMC8152654,Clinical course of pediatric large vascular anomalies located in the extremities.,Turk Arch Pediatr,2023-12-17-22-16-26,True,NotMatch
34119939,PMC8209073,Giant retroperitoneal myxoma: A case report and literature review.,Int J Surg Case Rep,2023-12-17-22-16-26,True,NotMatch
34131496,PMC8171127,Cystic mass of the right iliac fossa: don't forget about lymphatic malformation.,BJR Case Rep,2023-12-17-22-16-26,True,NotMatch
34217200,PMC8255028,Haemolymphangioma of the small bowel mesentery in adults: two case reports and a literature review.,BMC Gastroenterol,2023-12-17-22-16-26,True,Match
34249794,PMC8214886,Thoracic duct lymphangioma and chylous ascites in a 24-year-old female.,Autops Case Rep,2023-12-17-22-16-26,True,Match
34263326,PMC9413779,Successful Treatment of Acquired Vulvar Lymphangiectasia with 1% Polidocanol Sclerotherapy.,Acta Derm Venereol,2023-12-17-22-16-26,True,NotMatch
34277199,PMC8270067,Resection of an Asymptomatic Lymphangioma in a 76-Year-Old Male.,Cureus,2023-12-17-22-16-26,True,Match
34306701,PMC8294145,Lymphangioma of the fetal neck within the PIK3CA-related-overgrowth spectrum (PROS): A case report.,Clin Case Rep,2023-12-17-22-16-26,True,Match
34321780,PMC8280854,Extramedullary Hematopoiesis in Lymphangioma - A Cytological Study.,J Cytol,2023-12-17-22-16-26,True,Match
34322267,PMC8299271,Oral manifestations and dental care management of a young patient with lymphangioma of the tongue: A case report.,Clin Case Rep,2023-12-17-22-16-26,True,Match
34372919,PMC8353871,Generalized lymphatic anomalies and review of the current management landscape: a case report and review of the literature.,J Med Case Rep,2023-12-17-22-16-26,True,NotMatch
34373472,PMC8352902,Clinicopathological characteristics and prognosis of gastrointestinal vascular tumours.,Sci Rep,2023-12-17-22-16-26,True,NotMatch
34393642,PMC8311849,Lymphangioma of the Mesentery: Case Report and Review of the Literature.,Acta Med Litu,2023-12-17-22-16-26,True,Match
34449578,PMC8395831,Diagnostic Approach to Congenital Cystic Masses of the Neck from a Clinical and Pathological Perspective.,Dermatopathology (Basel),2023-12-17-22-16-26,True,NotMatch
34481132,PMC8416641,Giant cystic lymphangioma of right mesocolon: A case report.,Int J Surg Case Rep,2023-12-17-22-16-26,True,Match
34490164,PMC8416514,Operative Management of Neonatal Lymphatic Malformations: Lesson Learned From 57 Consecutive Cases.,Front Pediatr,2023-12-17-22-16-26,True,NotMatch
34512840,PMC8396386,Giant subcutaneous lymphangioma of the abdominal wall in childhood.,Pan Afr Med J,2023-12-17-22-16-26,True,Match
34513383,PMC8405412,Mesenteric Lymphangioma Presenting With Small Bowel Volvulus in an Adult.,Cureus,2023-12-17-22-16-26,True,Match
34568242,PMC8459713,PIK3CA-Related Overgrowth Spectrum From Diagnosis to Targeted Therapy: A Case of CLOVES Syndrome Treated With Alpelisib.,Front Pediatr,2023-12-17-22-16-26,True,NotMatch
34584897,PMC8461437,A Case Series on Unusual Neck Masses.,Indian J Otolaryngol Head Neck Surg,2023-12-17-22-16-26,True,NotMatch
34617699,PMC8760920,[Minimally invasive approach for the treatment of Giant retroperitoneal cystic tumors: Presentation of two cases and literature review].,Rev Fac Cien Med Univ Nac Cordoba,2023-12-17-22-16-26,True,NotMatch
34621624,PMC8479637,Lymphangiomatous endothelial cyst of the adrenal gland: A case report.,Urol Case Rep,2023-12-17-22-16-26,True,Match
34621964,PMC8484978,Lymphangioma circumscriptum as an untoward consequence of hidradenitis suppurativa surgery.,Int J Womens Dermatol,2023-12-17-22-16-26,True,Match
34645421,PMC8513249,Cavernous lymphangioma of the urinary bladder in an adult woman: an additional case report of a rare lesion and literature review.,BMC Urol,2023-12-17-22-16-26,True,Match
34646675,PMC8486370,Unusual Anterior Mediastinal Tumors Treated at a Tertiary Thoracic Center: A Case Series Analysis.,Cureus,2023-12-17-22-16-26,True,NotMatch
34692730,PMC8533675,Diagnostic Values of Dermatoscopy and CD31 Expression in Cutaneous Lymphangioma Circumscriptum.,Front Med (Lausanne),2023-12-17-22-16-26,True,Match
34703594,PMC8524741,Lymphangioma circumscriptum of the scrotum: Case report.,Ann Med Surg (Lond),2023-12-17-22-16-26,True,Match
34712579,PMC8528673,Extensive scrotal lymphangioma circumscriptum: A case report with successful treatment with staged CO2 laser ablation.,Urol Case Rep,2023-12-17-22-16-26,True,Match
34795896,PMC8581326,Monitoring of hemodynamic changes during huge cystic lymphangioma resection in a 91-day-old infant.,Clin Case Rep,2023-12-17-22-16-26,True,Match
34815657,PMC8596219,Jejunal cavernous lymphangioma: successful endoscopic treatment of a rare cause of small bowel bleeding.,Ann Gastroenterol,2023-12-17-22-16-26,True,Match
34819851,PMC8606893,Optimization of Initial Dose Regimen for Sirolimus in Pediatric Patients With Lymphangioma.,Front Pharmacol,2023-12-17-22-16-26,True,Match
34824652,PMC8605189,Case report: Omental lymphangioma mimicking gastric cystic tumor.,Radiol Case Rep,2023-12-17-22-16-26,True,Match
34825040,PMC8605304,Papulovesicular lesions near the right breast.,JAAD Case Rep,2023-12-17-22-16-26,True,NotMatch
34858011,PMC8577903,Neonatal Generalized Lymphatic Anomaly with Skin Involvement.,Ann Dermatol,2023-12-17-22-16-26,True,NotMatch
34887309,PMC8751408,Cerebrofacial vascular metameric syndrome is caused by somatic pathogenic variants in PIK3CA.,Cold Spring Harb Mol Case Stud,2023-12-17-22-16-26,True,NotMatch
34912608,PMC8664368,The Diagnosis as a Guide for a Life Trajectory: An Autobiographical Case Report.,Cureus,2023-12-17-22-16-26,True,NotMatch
34917222,PMC8666449,Extensive solitary lymphatic malformation of the liver in a child: a case report and literature review.,Radiol Case Rep,2023-12-17-22-16-26,True,NotMatch
34925537,PMC8677374,Computed Tomography Image Characteristics before and after Interventional Treatment of Children's Lymphangioma under Artificial Intelligence Algorithm.,Comput Math Methods Med,2023-12-17-22-16-26,True,Match
34925674,PMC8649116,Imaging diagnosis of a giant choledochal cyst in an infant.,Radiol Case Rep,2023-12-17-22-16-26,True,NotMatch
34926026,PMC8654082,Pancreatic Lymphangioma: An Unusual Cause of Abdominal Lump.,Cureus,2023-12-17-22-16-26,True,Match
34976885,PMC8714844,Recent Progress in Lymphangioma.,Front Pediatr,2023-12-17-22-16-26,True,Match
35001360,PMC9999697,Mesenchymal Tumors Involving the Pancreas: A Clinicopathologic Analysis and Review of the Literature.,Turk Patoloji Derg,2023-12-17-22-16-26,True,NotMatch
35028206,PMC8747974,Pleomorphic Appearance of Breast Cancer Cutaneous Metastases.,Cureus,2023-12-17-22-16-26,True,NotMatch
35110129,PMC8849619,Acquired Lymphangioma Circumscriptum Post-neonatal Circumcision.,Turk Arch Pediatr,2023-12-17-22-16-26,True,Match
35117022,PMC8798018,The malignancy among gastric submucosal tumor.,Transl Cancer Res,2023-12-17-22-16-26,True,NotMatch
35127410,PMC8772466,Atypical Antenatal Presentation of an Unusual Nonmucinous Papillary Variant of Giant Congenital Pulmonary Airway Malformation Masquerading as Congenital Diaphragmatic Hernia with Volvulus.,J Med Ultrasound,2023-12-17-22-16-26,True,NotMatch
35136635,PMC8803227,Pediatric breast lymphatic malformation with recurrent presentation in an adolescent female.,BJR Case Rep,2023-12-17-22-16-26,True,NotMatch
35151319,PMC8841125,Facklamia hominis pyelonephritis in a pediatric patient: first case report and review of the literature.,Ann Clin Microbiol Antimicrob,2023-12-17-22-16-26,True,NotMatch
35155021,PMC8825325,Lymphangioma: A Rare Benign Cystic Pancreatic Lesion.,Cureus,2023-12-17-22-16-26,True,Match
35207307,PMC8874571,The Value of Fetal Heart Evaluation in Fetuses with Rare Congenital Lymphangiomas: A Cohort Study from a Single Tertiary Center across Two Decades (Years 1999-2020).,J Clin Med,2023-12-17-22-16-26,True,Match
35223659,PMC8829784,Laryngeal Cavernous Lymphangioma in an Adult Patient.,Iran J Otorhinolaryngol,2023-12-17-22-16-26,True,Match
35250232,PMC8864385,A Case Report of Huge Lymphangioma over the Chest Wall: A Rare Presentation of a Newborn.,Ethiop J Health Sci,2023-12-17-22-16-26,True,Match
35250235,PMC8864400,Surgically Managed Acquired Vulvar Lymphangioma Circumscriptum.,Ethiop J Health Sci,2023-12-17-22-16-26,True,Match
35251984,PMC8894725,Rare Case of Cystic Lymphangioma Transforming Into Lymphangiosarcoma: A Case Report.,Front Oncol,2023-12-17-22-16-26,True,Match
35282158,PMC8904409,Metastatic prostate cancer masquerading as lymphangioma circumscriptum.,JAAD Case Rep,2023-12-17-22-16-26,True,Match
35284234,PMC8905309,Lymphangioma of the urethra: A case report.,Urol Case Rep,2023-12-17-22-16-26,True,Match
35329968,PMC8955802,Lymphangioma Cavernosum with a Rare Location.,J Clin Med,2023-12-17-22-16-26,True,Match
35357631,PMC8971343,Multiple intestinal lymphangiomas with episodic hemorrhage requiring partial laparoscopic resection: a case report.,Surg Case Rep,2023-12-17-22-16-26,True,Match
35364391,PMC8971620,Rare case cystic scrotal lymphangioma presented as a hydrocele.,Int J Surg Case Rep,2023-12-17-22-16-26,True,Match
35368377,PMC8968314,A supraclavicular cystic lymphangioma in adult: a rare entity.,J Surg Case Rep,2023-12-17-22-16-26,True,Match
35463606,PMC8996742,Expression of Concern: Lymphangioma: A Rare Benign Cystic Pancreatic Lesion.,Cureus,2023-12-17-22-16-26,True,Match
35465302,PMC9006440,Reversal of vision after bleomycin injection in orbital lymphangioma.,GMS Ophthalmol Cases,2023-12-17-22-16-26,True,Match
35505749,PMC9056083,Tumor or Inflammatory Myofibroblastic Reaction in an Adolescent With an Abdominal Lymphatic Malformation?,Cureus,2023-12-17-22-16-26,True,NotMatch
35526176,PMC9249683,Efficacy of sirolimus in children with lymphatic malformations of the head and neck.,Eur Arch Otorhinolaryngol,2023-12-17-22-16-26,True,NotMatch
35592039,PMC9097369,Cutaneous lymphangioma secondary to breast cancer radiotherapy after mastectomy: A case report.,Clin Case Rep,2023-12-17-22-16-26,True,Match
35620501,PMC9128795,Combined Treatment with Lymphaticovenular Anastomosis and Ethanol Sclerotherapy for Cystic Lymphangioma in a Limb.,Plast Reconstr Surg Glob Open,2023-12-17-22-16-26,True,Match
35620582,PMC9130006,A Huge Mesenteric Lymphangioma Presenting as a Small Bowel Volvulus in a Paediatric Patient: A Case Report.,Case Rep Pathol,2023-12-17-22-16-26,True,Match
35692488,PMC9184214,Lymphangioma of the Lower Lip-A Diagnostic Dilemma: Report of a Rare Case with a Brief Literature Review.,Case Rep Dent,2023-12-17-22-16-26,True,Match
35717390,PMC9206747,New-onset axillary lymphangioma: a case report.,J Med Case Rep,2023-12-17-22-16-26,True,Match
35733597,PMC9208687,Adrenal and Mesenteric Teratomas in Infants: Common Tumors in Uncommon Sites.,J Indian Assoc Pediatr Surg,2023-12-17-22-16-26,True,NotMatch
35733926,PMC9203074,Penile Chylorrhea as a Rare Presentation of Penile Lymphangioma Circumscriptum Reconstructed with Deep External Pudendal Artery Perforator Flap.,Plast Reconstr Surg Glob Open,2023-12-17-22-16-26,True,Match
35734075,PMC9194990,Cervical lymphangioma in adults: A report of seven cases and review of the literature.,Laryngoscope Investig Otolaryngol,2023-12-17-22-16-26,True,Match
35734669,PMC9207064,Mesenteric cystic lymphangioma in an adult: An unusual case report.,Ann Med Surg (Lond),2023-12-17-22-16-26,True,Match
35739629,PMC10083979,"Microcystic lymphatic malformation presenting as firm, skin-colored papules of the lips.",Pediatr Dermatol,2023-12-17-22-16-26,True,NotMatch
35744009,PMC9230179,Adrenal Tumors in Young Adults: Case Reports and Literature Review.,Medicina (Kaunas),2023-12-17-22-16-26,True,NotMatch
35783027,PMC9246518,Single-Center Experience of Management of Mediastinal Cyst-A Case Series.,Surg J (N Y),2023-12-17-22-16-26,True,NotMatch
35798903,PMC9263008,Axillary lymphangioma that developed following COVID-19 vaccination: a case report.,Surg Case Rep,2023-12-17-22-16-26,True,Match
35804404,PMC9270761,"Topical sirolimus solution for lingual microcystic lymphatic malformations in children and adults (TOPGUN): study protocol for a multicenter, randomized, assessor-blinded, controlled, stepped-wedge clinical trial.",Trials,2023-12-17-22-16-26,True,NotMatch
35845223,PMC9285534,Lymphangioma of Colon Presenting as an Intramural Tumor.,Int Med Case Rep J,2023-12-17-22-16-26,True,Match
35845977,PMC9285531,Lymphangioma Circumscriptum - A Rare Cause of Gingival Enlargement: A Case Report and Review of Literature.,Clin Cosmet Investig Dent,2023-12-17-22-16-26,True,Match
35847363,PMC9286895,Association between Blood Donation and Malignant and Benign Tumour Risk: A Population-Based Study of 3.4 Million Participants in China.,J Oncol,2023-12-17-22-16-26,True,NotMatch
35870216,PMC9403095,Perirenal cystic lymphangioma mimicking a renal cyst in an elderly patient: Case report.,Int J Surg Case Rep,2023-12-17-22-16-26,True,Match
35949324,PMC9353511,Laparoscopic surgery of intra-abdominal lymphatic malformation in children.,Exp Ther Med,2023-12-17-22-16-26,True,NotMatch
35983403,PMC9377283,Sclerotherapy of Giant Abdominal Lymphangiomas in a Six-Year-Old Boy: A Case Report and Literature Review.,Cureus,2023-12-17-22-16-26,True,Match
35999193,PMC9826313,Successful treatment with MEK-inhibitor in a patient with NRAS-related cutaneous skeletal hypophosphatemia syndrome.,Genes Chromosomes Cancer,2023-12-17-22-16-26,True,NotMatch
36003527,PMC9394516,Vulvar Verruciform Xanthoma: A Comprehensive Literature Review.,Clin Cosmet Investig Dermatol,2023-12-17-22-16-26,True,NotMatch
36034010,PMC9391995,Large retroperitoneal cystic lymphangioma mimicking mesenteric cyst: a case report.,Pan Afr Med J,2023-12-17-22-16-26,True,Match
36037641,PMC9434044,Gallbladder lymphangioma simulating liver hydatid cyst: A case report.,Int J Surg Case Rep,2023-12-17-22-16-26,True,Match
36045772,PMC9422205,Parotid Lymphangioma of adult: A case report.,Ann Med Surg (Lond),2023-12-17-22-16-26,True,Match
36045834,PMC9422190,Splenic cystic lymphangioma in adults: A rare case report from Syria.,Ann Med Surg (Lond),2023-12-17-22-16-26,True,Match
36058923,PMC9441034,Gastric lymphangioma: a case report and review of literature.,BMC Gastroenterol,2023-12-17-22-16-26,True,Match
36072355,PMC9439755,Single-Balloon-Assisted Enteroscopy With Endoscopic Mucosal Resection of a Bleeding Jejunal Lymphangioma.,ACG Case Rep J,2023-12-17-22-16-26,True,Match
36147081,PMC9486752,Treatment of lymphangiomas by means of sclerotherapy with OK-432 (Picibanil®) is safe and effective - A retrospective case series.,Ann Med Surg (Lond),2023-12-17-22-16-26,True,Match
36147158,PMC9486738,Intra-abdominal cystic lymphangioma in adults: A case series of 32 patients and literature review.,Ann Med Surg (Lond),2023-12-17-22-16-26,True,Match
36157431,PMC9500339,"Uncommon abdominal ""egg-shelled"" lesions mimic hepatic echinococcosis: Two cases report.",Front Surg,2023-12-17-22-16-26,True,NotMatch
36172247,PMC9512018,Simple Lymphangioma of the Scrotum: A Case Report.,Clin Cosmet Investig Dermatol,2023-12-17-22-16-26,True,Match
36180929,PMC9524065,Cystic hygroma in a female suckling pig: a case report.,Porcine Health Manag,2023-12-17-22-16-26,True,NotMatch
36186111,PMC9524382,Renal lymphangiectasia.,Autops Case Rep,2023-12-17-22-16-26,True,NotMatch
36187030,PMC9482249,Giant retroperitoneal lymphangioma in a 70-year-old male: a case report.,Pan Afr Med J,2023-12-17-22-16-26,True,Match
36193273,PMC9525819,Hyperphosphatemic familial tumoral calcinosis mimicking a cystic hemo-lymphangioma on MRI.,Radiol Case Rep,2023-12-17-22-16-26,True,Match
36211611,PMC9518730,Cystic lymphangioma of the upper limb: Clinical case and literature review.,BJR Case Rep,2023-12-17-22-16-26,True,Match
36213633,PMC9537564,Clinical manifestation and treatment of small intestinal lymphangioma: A single center analysis of 15 cases.,Front Med (Lausanne),2023-12-17-22-16-26,True,Match
36261948,PMC9568866,Cystic lymphangioma of the pancreatic head treated by enucleation: Case report and literature review.,Int J Surg Case Rep,2023-12-17-22-16-26,True,Match
36264442,PMC9584008,Percutaneous sclerotherapy with OK-432 for lymphocele after pelvic or para-aortic lymphadenectomy: preliminary results.,CVIR Endovasc,2023-12-17-22-16-26,True,NotMatch
36299852,PMC9586508,Solitary Cystic Mediastinal Lymphangioma: A Rare Incidental Case in an Adult Female.,Eur J Case Rep Intern Med,2023-12-17-22-16-26,True,Match
36313882,PMC9611196,Case report: Local bleomycin injection: A possible treatment option for primitive myxoid mesenchymal tumor of infancy.,Front Pediatr,2023-12-17-22-16-26,True,NotMatch
36316785,PMC9623980,A large pericardial cystic lymphangioma presenting as acute-onset respiratory distress in a child: a case report.,J Med Case Rep,2023-12-17-22-16-26,True,Match
36338654,PMC9632977,Case report: Submucosal cavernous lymphangioma causing jejuno-jejunal intussusception in an adult.,Front Surg,2023-12-17-22-16-26,True,Match
36338709,PMC9630908,Laparoscopy for evaluating mesenteric lymphangiomatosis: A case report.,Front Oncol,2023-12-17-22-16-26,True,Match
36340227,PMC9633568,Mesentric lymphatic malformation presented with a small bowel internal hernia: A case report.,Radiol Case Rep,2023-12-17-22-16-26,True,NotMatch
36352757,PMC9664414,Nevus Lipomatosus Superficialis in a Serous Inflammatory Capsule: A Case Report.,Am J Case Rep,2023-12-17-22-16-26,True,NotMatch
36354659,PMC9689283,Oral Mucosal Lesions in Childhood.,Dent J (Basel),2023-12-17-22-16-26,True,NotMatch
36380549,PMC9468361,A rare incidence of retroperitoneal Cystic Lymphangioma in a 45-year-old female - A Case Report.,Int J Surg Case Rep,2023-12-17-22-16-26,True,Match
36387698,PMC9648317,"Nevus lipomatosus superficialis, an unusual case report.",J Family Med Prim Care,2023-12-17-22-16-26,True,NotMatch
36387812,PMC9649553,Surgical excision of a large retroperitoneal lymphangioma: A case report.,World J Clin Cases,2023-12-17-22-16-26,True,Match
36405846,PMC9671707,Pediatric bronchogenic cysts in the head and neck region: A study of 10 surgical cases and a review of the literature.,Front Pediatr,2023-12-17-22-16-26,True,NotMatch
36427220,PMC10364511,Mesenteric ruptured lymphangioma mimicking acute appendicitis.,Br J Surg,2023-12-17-22-16-26,True,Match
36439409,PMC9681893,Case report: A mesocolic lymphangioma in a 14-year-old child resected by laparoscopic surgery.,Front Oncol,2023-12-17-22-16-26,True,Match
36439468,PMC9682029,Endoscopic resection of upper gastrointestinal lymphangioma: A single-center experience.,Front Oncol,2023-12-17-22-16-26,True,Match
36451462,PMC9704981,Rare finding of duodenal lymphangioma in a patient with Helicobacter pylori associated gastritis: A case report.,Medicine (Baltimore),2023-12-17-22-16-26,True,Match
36457604,PMC9705061,Recurrent Retroperitoneal Lymphatic Malformation in a Pediatric Patient: A Case Report.,Cureus,2023-12-17-22-16-26,True,NotMatch
36474737,PMC9648585,Laparoscopic management of benign splenic tumors in children.,World J Pediatr Surg,2023-12-17-22-16-26,True,NotMatch
36568194,PMC9773366,Case Report: Endoscopic manifestations and clinical features of small intestinal lymphangioma-A report of two cases.,Front Oncol,2023-12-17-22-16-26,True,Match
36579087,PMC9791524,Abdominal bronchogenic cyst: A rare case report.,World J Clin Cases,2023-12-17-22-16-26,True,NotMatch
36582009,PMC9801652,Splenic lymphangiomas as a common indication for splenectomy: a case series with literature review.,BMC Surg,2023-12-17-22-16-26,True,Match
36588486,PMC9926148,Current approach to branchial remnants in the neck.,Rom J Morphol Embryol,2023-12-17-22-16-26,True,NotMatch
36605978,PMC9805303,A rare case of cystic hygroma of the neck.,Pan Afr Med J,2023-12-17-22-16-26,True,NotMatch
36636099,PMC9829880,Splenic lymphangioma in adult patient treated with laparoscopic splenectomy: A rare case report.,SAGE Open Med Case Rep,2023-12-17-22-16-26,True,Match
36637927,PMC9839250,Lymphangiomatosis presented with melena and chylous ascites: A case report.,Medicine (Baltimore),2023-12-17-22-16-26,True,Match
36642745,PMC10522499,Cystic hygroma in adults: a single-centre experience and review of the literature.,Ir J Med Sci,2023-12-17-22-16-26,False,NotMatch
36654537,PMC9840748,Lymphangioma of the Oral and Maxillofacial Region: A Report of Three Cases.,Cureus,2023-12-17-22-16-26,True,Match
36691093,PMC9872299,Cystic pancreatic lymphangioma: a case report.,J Med Case Rep,2023-12-17-22-16-26,True,Match
36695910,PMC10066143,"Association between malformation type, location and functional deficits in lymphatic malformations of the head and neck in children.",Eur Arch Otorhinolaryngol,2023-12-17-22-16-26,True,NotMatch
36704125,PMC9871757,Robotic-assisted laparoscopic management of mesenteric cysts in children.,Front Pediatr,2023-12-17-22-16-26,True,NotMatch
36733888,PMC9887134,Case report and literature review: Giant retroperitoneal cystic lymphangioma.,Front Surg,2023-12-17-22-16-26,True,Match
36832364,PMC9954574,Sudden Appearance of a Palpable Chest Wall Mass Secondary to Macrocystic Lymphatic Malformation: A Case Report.,Children (Basel),2023-12-17-22-16-26,True,NotMatch
36845764,PMC9949834,A rare occurrence of an incidental primary intra-abdominal Cystic Lymphangioma in a Middle Eastern adult female: A case report.,Ann Med Surg (Lond),2023-12-17-22-16-26,True,Match
36871009,PMC9985836,Primary retroperitoneal mucinous cystic tumour of borderline malignancy mimicking kidney duplicate: cases report and literature review.,BMC Urol,2023-12-17-22-16-26,True,NotMatch
36896002,PMC9990737,Adult Primary Retroperitoneal Lymphangioma: Updated Facts.,World J Oncol,2023-12-17-22-16-26,True,Match
36915347,PMC10006123,A rare giant cardiac lymphangioma in adults.,Quant Imaging Med Surg,2023-12-17-22-16-26,True,Match
36918898,PMC10015658,Retroperitoneal lymphangioma as the final diagnosis of a middle-aged woman with abdominal pain: a case report.,J Med Case Rep,2023-12-17-22-16-26,True,Match
37006871,PMC10061045,Diagnosis and treatment of diffuse pulmonary lymphangioma in children: A case report.,Exp Ther Med,2023-12-17-22-16-26,True,Match
37013211,PMC10066612,Acquired vulvar lymphangioma circumscriptum after cervical cancer.,Pan Afr Med J,2023-12-17-22-16-26,True,Match
37051397,PMC10083628,Rare Case of Large Hemolymphangioma in the Small Bowel Mesentery: A Case Report.,J Korean Soc Radiol,2023-12-17-22-16-26,True,Match
37080154,PMC10140781,Adult upper-limb forearm lymphoma hygroma (cystic lymphangioma): A case report.,Int J Surg Case Rep,2023-12-17-22-16-26,True,Match
37082292,PMC10112709,Extensive tongue lymphangioma followed for eight years: Case report.,J Oral Maxillofac Pathol,2023-12-17-22-16-26,True,Match
37092615,PMC10210567,Unilateral breast enlargement in males during adolescence (10-19 years): Review of current literature and personal experience.,Acta Biomed,2023-12-17-22-16-26,True,NotMatch
37113848,PMC10129150,A mesenteric cystic lymphangioma with no cysts' radiological findings on X-ray in a 16-month-old boy.,Ann Med Surg (Lond),2023-12-17-22-16-26,True,Match
37130478,PMC10172770,A rare case of huge intra-abdominal cystic lymphangioma arising from rectovesical pouch; a case report.,Int J Surg Case Rep,2023-12-17-22-16-26,True,Match
37187207,PMC10185410,Abdominal pain in a young man revealing an infected perigastric cystic lymphangioma.,Endoscopy,2023-12-17-22-16-26,True,Match
37200650,PMC10188287,An Unusual Case of Thigh Swelling.,Cureus,2023-12-17-22-16-26,True,NotMatch
37215469,PMC10196241,Case report: Generalized lymphatic anomaly of multiple abdominal organs in a young dog.,Front Vet Sci,2023-12-17-22-16-26,True,NotMatch
37229082,PMC10205308,Giant cervical lymphangioma encompassing the neck great vessels (carotid artery and jugular vein): a case report.,Ann Med Surg (Lond),2023-12-17-22-16-26,True,Match
37229098,PMC10205233,A retroperitoneal cystic lymphangioma involving the spleen and pancreas: a case report.,Ann Med Surg (Lond),2023-12-17-22-16-26,True,Match
37234958,PMC10208695,"Acquired vulvar lymphangioma: risk factors, disease associations, and management considerations: a systematic review.",Int J Womens Dermatol,2023-12-17-22-16-26,True,Match
37244108,PMC10238829,Primary cervical hydatid cyst: A rare case report.,Int J Surg Case Rep,2023-12-17-22-16-26,True,NotMatch
37274990,PMC10235225,Web in the Neck - An Interesting Case Report.,Indian J Otolaryngol Head Neck Surg,2023-12-17-22-16-26,True,NotMatch
37290384,PMC10250116,Surgical management of a benign multicystic peritoneal mesothelioma: A case report.,Int J Surg Case Rep,2023-12-17-22-16-26,True,NotMatch
37304317,PMC10250572,Acquired cystic lymphangioma imitating breast cancer recurrence.,Radiol Case Rep,2023-12-17-22-16-26,True,Match
37331237,PMC10300298,Efficacy of OK-432 sclerotherapy for different types of lymphangiomas: a review and meta-analysis.,Braz J Otorhinolaryngol,2023-12-17-22-16-26,True,Match
37383046,PMC10299890,Splenic Lymphangioma Mimicking Lymphomatous Involvement: A Case Report with Review of the Literature.,Case Rep Med,2023-12-17-22-16-26,True,Match
37406532,PMC10382729,Management of prenatally diagnosed multiple giant cystic lymphangioma with combination of surgery and intralesional bleomycin injection: A case report.,Int J Surg Case Rep,2023-12-17-22-16-26,True,Match
37415646,PMC10321783,Unveiling an oral hemangiolymphangioma.,Autops Case Rep,2023-12-17-22-16-26,True,Match
37421132,PMC10337795,Peri-Hilar Cystic Lymphangioma Mimicking a Biliary Cystic Lesion Causing Biliary Obstruction: A Case Report and Literature Review.,Am J Case Rep,2023-12-17-22-16-26,True,Match
37434902,PMC10331071,Rare case of inguinal cystic lymphangioma diagnosed and treated in elderly patient.,SAGE Open Med Case Rep,2023-12-17-22-16-26,True,Match
37435176,PMC10331835,Congenital fetal neck anomaly-diagnostic and therapeutic dilemma in low-resource setting: case report.,AJOG Glob Rep,2023-12-17-22-16-26,True,NotMatch
37443524,PMC10340443,Prenatal Detection of Rapid Progressive Changes in Massive Lymphangioma from Flank to the Lower Extremity.,Diagnostics (Basel),2023-12-17-22-16-26,True,Match
37457208,PMC10338941,Eruption Cyst Treated with Diode Laser: A Case Report.,Int J Clin Pediatr Dent,2023-12-17-22-16-26,True,NotMatch
37508611,PMC10377960,Ovarian Masses in Children and Adolescents: A Review of the Literature with Emphasis on the Diagnostic Approach.,Children (Basel),2023-12-17-22-16-26,True,NotMatch
37521193,PMC10372043,Red vulvar plaque with unilateral edema.,JAAD Case Rep,2023-12-17-22-16-26,True,NotMatch
37531882,PMC10400468,"Huge accessory spleen with torsion, mimicking splenic lymphangioma: A case report and review of the literature.",Int J Surg Case Rep,2023-12-17-22-16-26,True,Match
37547165,PMC10404075,Small Bowel Lymphangiectasia Leading to Massive Gastrointestinal Bleeding: A Case Report.,Middle East J Dig Dis,2023-12-17-22-16-26,True,NotMatch
37554902,PMC10406008,Dumble cystic lymphangioma as an underlying cause of vague abdominal complaints in a 2-year-old girl: case report.,Ann Med Surg (Lond),2023-12-17-22-16-26,True,Match
37554934,PMC10405901,A case of tracheotomy using the Ex Utero Intrapartum Treatment (EXIT) procedure in cooperation with multiple professions.,Fujita Med J,2023-12-17-22-16-26,True,NotMatch
37565046,PMC10411358,A case study of the pathology on a rare case of scalp lymphangioma in an adult patient.,Qatar Med J,2023-12-17-22-16-26,True,Match
37575519,PMC10422030,Cutaneous lymphangioma circumscriptum.,Pan Afr Med J,2023-12-17-22-16-26,True,Match
37576486,PMC10412888,Scrotal lymphangioma in a middle-aged man.,Urol Case Rep,2023-12-17-22-16-26,True,Match
37612617,PMC10463819,Successful palliative resection of giant epimyocardial lymphatic malformation with 14 years of follow-up: a case report.,BMC Cardiovasc Disord,2023-12-17-22-16-26,True,NotMatch
37705608,PMC10497246,Small Bowel Cystic Lymphangioma: An Uncommon Finding During Single-Balloon Enteroscopy.,ACG Case Rep J,2023-12-17-22-16-26,True,Match
37744207,PMC10511776,Radical local excision of the mons for treatment of recalcitrant lymphangioma circumscriptum.,Gynecol Oncol Rep,2023-12-17-22-16-26,True,Match
37790904,PMC10544170,Surgical Treatment for Benign Lymphangioendothelioma After Two Incomplete Excisions: A Case Report and Literature Review.,Clin Cosmet Investig Dermatol,2023-12-17-22-16-26,False,NotMatch
37826978,PMC10582341,Iatrogenic incarcerated diaphragmatic hernia following laparoscopic resection of a diaphragmatic cystic lymphangioma: A case report.,Int J Surg Case Rep,2023-12-17-22-16-26,False,Match
37840891,PMC10568279,Sclerotherapy in orbital lymphangioma: A case report.,Radiol Case Rep,2023-12-17-22-16-26,False,Match
37854262,PMC10580701,Recurrent laryngeal lymphangiomatosis in a patient with Proteus syndrome: A case report.,Clin Case Rep,2023-12-17-22-16-26,False,Match
37924010,PMC10623770,Misdiagnosis of scrotal and retroperitoneal lymphangioma in children.,BMC Pediatr,2023-12-17-22-16-26,False,Match
37927667,PMC10621628,Blue Parotid Unveiled: A Rare Case of Traumatic Hemorrhagic Parotid Lymphangioma in an Eight-Year-Old Boy.,Cureus,2023-12-17-22-16-26,False,Match
37928276,PMC10622198,A case of adrenal lymphangioma successfully treated with laparoscopic partial adrenalectomy.,IJU Case Rep,2023-12-17-22-16-26,False,Match
37941984,PMC10628799,Generalized cystic lymphangiomatosis incidentally diagnosed in an asymptomatic adult: Imaging findings of a very rare case.,Radiol Case Rep,2023-12-17-22-16-26,False,Match
37946960,PMC10631889,Retracted: Computed Tomography Image Characteristics before and after Interventional Treatment of Children's Lymphangioma under Artificial Intelligence Algorithm.,Comput Math Methods Med,2023-12-17-22-16-26,False,Match
37970112,PMC10631350,Splenic lymphangioma masquerading as splenic abscess managed by laparoscopic splenectomy: A case report.,World J Clin Oncol,2023-12-17-22-16-26,False,Match
37984261,PMC10694645,Mesenteric cystic lymphangioma in an adolescent male; a diagnostic dilemma: A case report.,Int J Surg Case Rep,2023-12-17-22-16-26,False,Match
38021546,PMC10657233,A Rare Case of Subclavicular Cystic Lymphangioma in Adults Adhering to Axillary Vessels.,Cureus,2023-12-17-22-16-26,False,Match
38022192,PMC10657479,Diagnostic and Therapeutic Challenges of a Large Tongue Lymphangioma in a Child: A Case Report.,Cureus,2023-12-17-22-16-26,False,Match
38026739,PMC10663064,Cystic lymphangioma causing intussusception of the right colon: a case report and review of current literature.,J Surg Case Rep,2023-12-17-22-16-26,False,Match
7993862,PMC2423748,Solitary hepatic lymphangioma. A rare benign tumour: a case report.,HPB Surg,2023-12-17-22-16-26,True,Match
