pmid,pmcid,title,journal,insert_time
11548835,PMC3015447,Laparoscopic extracorporeal oophorectomy and ovarian cystectomy in second trimester pregnant obese patients.,JSLS,2023-12-17-22-02-45
12806127,PMC5974892,Dermoid cyst of the floor of the mouth.,ScientificWorldJournal,2023-12-17-22-02-45
1429209,PMC5918982,High incidence of p53 gene mutation in human ovarian cancer and its association with nuclear accumulation of p53 protein and tumor DNA aneuploidy.,Jpn J Cancer Res,2023-12-17-22-02-45
16303056,PMC1308873,Teratoma occupying the left hemithorax.,World J Surg Oncol,2023-12-17-22-02-45
16509974,PMC1420311,Carcinosarcoma of monoclonal origin arising in a dermoid cyst of ovary: a case report.,BMC Cancer,2023-12-17-22-02-45
17490490,PMC1876448,Laparoscopic resection of a torted ovarian dermoid cyst.,World J Emerg Surg,2023-12-17-22-02-45
17592652,PMC1920516,Dermoid cyst of the urinary bladder as a differential diagnosis of bladder calculus: a case report.,J Med Case Rep,2023-12-17-22-02-45
17641723,PMC1906865,The superinfection of a dermoid cyst.,Infect Dis Obstet Gynecol,2023-12-17-22-02-45
17683548,PMC1952065,Dermoid cyst of the pancreas: presentation and management.,World J Surg Oncol,2023-12-17-22-02-45
18221571,PMC2259367,Teratoma of the anterior mediastinum presenting as a cystic neck mass: a case report.,J Med Case Rep,2023-12-17-22-02-45
18549490,PMC2435545,Ruptured ovarian cystic teratoma in pregnancy with diffuse peritoneal reaction mimicking advanced ovarian malignancy: a case report.,J Med Case Rep,2023-12-17-22-02-45
18945367,PMC2577104,Dermoid cyst of the mandibula: a case report.,Cases J,2023-12-17-22-02-45
19075411,PMC2661519,Orbital floor dermoid: an unusual presentation.,Indian J Ophthalmol,2023-12-17-22-02-45
19220896,PMC2649939,Parasitic dermoid cyst managed laparoscopically in a 29-year-old woman: a case report.,J Med Case Rep,2023-12-17-22-02-45
20205883,PMC2827381,Orbital tuberculosis in childhood with intracranial extension: a case report.,Cases J,2023-12-17-22-02-45
20291444,PMC5236121,Mistaken diagnoses; chocolate cysts of the ovary; dermoid cyst of the lung.,Ind Med Gaz,2023-12-17-22-02-45
20505789,PMC2875748,Occurrence and characteristics of head cysts in children.,Eplasty,2023-12-17-22-02-45
21139919,PMC2994478,The managament of rare nasal mass-nasal dermoid sinus cysts: open rhinoplasty.,Rare Tumors,2023-12-17-22-02-45
21430899,PMC3051306,Pilomatricoma as a diagnostic pitfall in clinical practice: report of two cases and review of literature.,Indian J Dermatol,2023-12-17-22-02-45
21976912,PMC3183725,Recurrent adult nasal dermoid cyst.,J Cutan Aesthet Surg,2023-12-17-22-02-45
21977105,PMC3173932,Scalloping characteristics in anterior fontanelle dermoid cyst.,J Pediatr Neurosci,2023-12-17-22-02-45
21985734,PMC3183542,Laparoscopic management of chemical peritonitis caused by dermoid cyst spillage.,JSLS,2023-12-17-22-02-45
22054018,PMC3234201,Diagnosis and management of an immature teratoma during ovarian stimulation: a case report.,J Med Case Rep,2023-12-17-22-02-45
22088230,PMC3226578,Glial heterotopia of the orbit: a rare presentation.,BMC Ophthalmol,2023-12-17-22-02-45
22211083,PMC3222084,Traumatic hemorrhage within a cerebellar dermoid cyst.,Int J Med Sci,2023-12-17-22-02-45
22229037,PMC3249602,Primary Squamous Cell Carcinoma of the Breast during Pregnancy: A Case Report.,Case Rep Med,2023-12-17-22-02-45
22259746,PMC3259427,Clinical Study and Review of Articles (Korean) about Retrorectal Developmental Cysts in Adults.,J Korean Soc Coloproctol,2023-12-17-22-02-45
22315711,PMC3272908,Struma ovarii with papillary thyroid carcinoma.,J Clin Imaging Sci,2023-12-17-22-02-45
22347678,PMC3280002,Dermoid tumor of the lateral wall of the cavernous sinus.,Surg Neurol Int,2023-12-17-22-02-45
22361499,PMC3271409,An unusual case of altered mental status in a young woman.,N Am J Med Sci,2023-12-17-22-02-45
22384287,PMC3290871,Mesenteric dermoid cyst in a child.,Pan Afr Med J,2023-12-17-22-02-45
22567526,PMC3335486,Minilaparotomy a good option in specific cases: a case report of bilateral ovarian germ cell tumor.,Case Rep Obstet Gynecol,2023-12-17-22-02-45
22606529,PMC3350251,Infantile hemangiomas masquerading as other periocular disorders.,Case Rep Pediatr,2023-12-17-22-02-45
22639693,PMC3358959,Intra-axial CNS dermoid cyst.,Asian J Neurosurg,2023-12-17-22-02-45
22705621,PMC6081015,Ruptured intracranial dermoid cyst.,Ann Saudi Med,2023-12-17-22-02-45
22837792,PMC3401668,Posterior fossa dermoid cyst.,J Pediatr Neurosci,2023-12-17-22-02-45
22870157,PMC3410166,Dermoid cyst: A rare intramedullary inclusion cyst.,Asian J Neurosurg,2023-12-17-22-02-45
22953118,PMC3426184,Extradural dermoid cyst of mastoid bone: a case report.,Case Rep Otolaryngol,2023-12-17-22-02-45
23009314,PMC3469404,Giant deep orbital dermoid cyst presenting early in infancy in a Nigerian child: a case report and review of the literature.,J Med Case Rep,2023-12-17-22-02-45
23031759,PMC3954269,A dermoid cyst fistulating with the transverse colon.,Ann R Coll Surg Engl,2023-12-17-22-02-45
23056976,PMC3465894,A case of sublingual dermoid cyst: extending the limits of the oral approach.,Case Rep Otolaryngol,2023-12-17-22-02-45
23091675,PMC3467374,Malignant transformation of an epidermoid cyst in the cerebellopontine angle.,J Korean Neurosurg Soc,2023-12-17-22-02-45
23248482,PMC3519225,Epidermoid cyst of submandibular region.,J Oral Maxillofac Pathol,2023-12-17-22-02-45
23401832,PMC3562605,CT and MR Studies of Giant Dermoid Cyst Associated to Fat Dissemination at the Cortical and Cisternal Cerebral Spaces.,Case Rep Radiol,2023-12-17-22-02-45
23508636,PMC3596585,Ruptured conus medullaris dermoid cyst with fat droplets in the central canal [corrected].,Asian Spine J,2023-12-17-22-02-45
23546378,PMC3579030,Bregmatic dermoid cyst in a patent anterior fontanelle.,J Neurosci Rural Pract,2023-12-17-22-02-45
23590721,PMC3639845,Intramedullary dermoid cyst with relatively atypical symptoms: a case report and review of the literature.,J Med Case Rep,2023-12-17-22-02-45
23646276,PMC3642751,Klippel-Feil syndrome associated with a craniocervico-thoracic dermoid cyst.,Surg Neurol Int,2023-12-17-22-02-45
23741558,PMC3669705,Erratum: correction of title. Ruptured conus medullaris dermoid cyst with fat droplets in the central canal.,Asian Spine J,2023-12-17-22-02-45
23772254,PMC3680906,Dermoid cyst splitting the spinal cord.,J Pediatr Neurosci,2023-12-17-22-02-45
23798854,PMC3687176,Epidermoid cyst localized in the palatine tonsil.,J Oral Maxillofac Pathol,2023-12-17-22-02-45
23833501,PMC3700160,Giant sublingual epidermoid cyst resembling plunging ranula.,Natl J Maxillofac Surg,2023-12-17-22-02-45
23833508,PMC3700167,Accessory oral cavity.,Natl J Maxillofac Surg,2023-12-17-22-02-45
23840991,PMC3693100,Abnormal Elevated CA 19-9 in the Dermoid Cyst: A Sign of the Ovarian Torsion?,Case Rep Obstet Gynecol,2023-12-17-22-02-45
23869280,PMC3707326,Traumatic rupture of an intracranial dermoid cyst: Case report and literature review.,Surg Neurol Int,2023-12-17-22-02-45
23935722,PMC3735589,An unusual dermoid cyst in subcutaneous tissue of the mastoid region: A case report.,Exp Ther Med,2023-12-17-22-02-45
23984194,PMC3743593,Extradural dermoid cyst of the parasellar region: a case report.,Skull Base Rep,2023-12-17-22-02-45
24049605,PMC3775226,A rare clinicopathological presentation of the breast carcinoma; implications and outcome.,Int J Prev Med,2023-12-17-22-02-45
24082940,PMC3783729,"Spinal extradural inclusion dermoid cyst mimicking pseudomeningocele, appearing after 17 years of meningomyelocele repair.",J Pediatr Neurosci,2023-12-17-22-02-45
24250183,PMC3821436,Suprasellar dermoid cyst associated with colloid cyst of the third ventricle: Disordered embryogenesis or a mere coincidence?,J Neurosci Rural Pract,2023-12-17-22-02-45
24327990,PMC3784097,Squamous cell carcinoma arising in an ovarian mature cystic teratoma complicating pregnancy.,Obstet Gynecol Sci,2023-12-17-22-02-45
24349815,PMC3848054,Dermoid cyst of the pancreas: a report of an unusual case and a review of the literature.,Case Rep Pathol,2023-12-17-22-02-45
24470812,PMC3888035,Congenital dermal sinus in mid-dorsal spine with large intramedullary dermoid cyst in an 18-months-old child.,J Pediatr Neurosci,2023-12-17-22-02-45
24505222,PMC3908506,Intracranial lesions with high signal intensity on T1-weighted MR images - review of pathologies.,Pol J Radiol,2023-12-17-22-02-45
24505228,PMC3908513,Spontaneous rupture of intracranial dermoid tumor in a patient with vertigo. Computed tomography and magnetic resonance imaging findings.,Pol J Radiol,2023-12-17-22-02-45
24520476,PMC3850338,Super infection of an ovarian dermoid cyst with actinomyces in an infertile woman.,Int J Fertil Steril,2023-12-17-22-02-45
24575304,PMC3918370,A cross-sectional prospective study of cutaneous lesions in newborn.,ISRN Dermatol,2023-12-17-22-02-45
24696565,PMC3969648,Cytodiagnosis of epidermoid cyst of the upper lip: a common lesion in an uncommon site.,J Lab Physicians,2023-12-17-22-02-45
24741207,PMC3983769,"Ovarian preservation in children for adenexal pathology, current trends in laparoscopic management and our experience.",J Indian Assoc Pediatr Surg,2023-12-17-22-02-45
24778859,PMC3945281,Retrorectal dermoid cyst: a rare clinical entity.,Curr Health Sci J,2023-12-17-22-02-45
24818032,PMC4003773,Unusual dermoid cyst in oral cavity.,Case Rep Pathol,2023-12-17-22-02-45
24891897,PMC4040026,Infected lumbar dermoid cyst mimicking intramedullary spinal cord tumor: Observations and outcomes.,J Pediatr Neurosci,2023-12-17-22-02-45
24891899,PMC4040028,Thoracic congenital dermal sinus associated with intramedullary spinal dermoid cyst.,J Pediatr Neurosci,2023-12-17-22-02-45
24926471,PMC4049558,Extradural dermoid cyst located in the lateral sphenoid ridge.,Brain Tumor Res Treat,2023-12-17-22-02-45
24932203,PMC4052658,Pediatric cervicofacial actinomycosis disclosing an underlying congenital dermoid cyst.,Dent Res J (Isfahan),2023-12-17-22-02-45
24945842,PMC3649183,Infected mesenteric ileocaecal dermoid cyst in a child.,J Surg Case Rep,2023-12-17-22-02-45
25083385,PMC4110133,Dermoid cyst of the infratemporal fossa: case report and review of the literature.,J Neurol Surg Rep,2023-12-17-22-02-45
25097442,PMC4121942,Midline nasal dermoid cyst with Tessier's 0 cleft.,J Nat Sci Biol Med,2023-12-17-22-02-45
25114448,PMC4124687,Trichofolliculoma presenting as lobulated mass: a rare presentation.,Int J Trichology,2023-12-17-22-02-45
25191150,PMC4144289,Craniofacial dermoid cysts: histological analysis and inter-site comparison.,Yale J Biol Med,2023-12-17-22-02-45
25276661,PMC4179373,Dermoid Cyst Excision under Müller Muscle in a Patient with Blepharoptosis.,Arch Plast Surg,2023-12-17-22-02-45
25298725,PMC4178364,Epidermoid cyst of the floor of the mouth.,Natl J Maxillofac Surg,2023-12-17-22-02-45
25400348,PMC4228571,Ectopia cilia with pedigree analysis: Second case report in the world.,Indian J Hum Genet,2023-12-17-22-02-45
25400967,PMC4220574,Anti-NMDA Receptor Encephalitis Presenting as an Acute Psychotic Episode in a Young Woman: An Underdiagnosed yet Treatable Disorder.,Case Rep Psychiatry,2023-12-17-22-02-45
25435984,PMC4246634,Pure primary ovarian squamous cell carcinoma: A case report and review of the literature.,Oncol Lett,2023-12-17-22-02-45
25446381,PMC4533358,Indocyanine green fluorescence endoscopy at endonasal transsphenoidal surgery for an intracavernous sinus dermoid cyst: case report.,Neurol Med Chir (Tokyo),2023-12-17-22-02-45
25449944,PMC4278119,Unusual case of temporal dermoid cyst presenting as oculomotor nerve palsy.,Indian J Ophthalmol,2023-12-17-22-02-45
25540571,PMC4264284,Squamous cell carcinoma arising in mature cystic teratoma of ovary.,J Midlife Health,2023-12-17-22-02-45
25551098,PMC4279972,Oral foregut cyst in the ventral tongue: a case report.,J Korean Assoc Oral Maxillofac Surg,2023-12-17-22-02-45
25667777,PMC4312635,Mature cystic teratoma of the fallopian tube in a postmenopausal woman: a case report and review of the literature.,Case Rep Obstet Gynecol,2023-12-17-22-02-45
25674524,PMC4323429,Rare nonneoplastic cysts of pancreas.,Clin Endosc,2023-12-17-22-02-45
25788824,PMC4354204,Laparoscopic ovarian surgery in children and adolescents.,JSLS,2023-12-17-22-02-45
25937753,PMC4405984,Hair discharging from the frenulum: Unusual presentation of a lingual dermoid cyst.,Natl J Maxillofac Surg,2023-12-17-22-02-45
25949009,PMC4409199,Teratoid cyst of the oral cavity: A rare entity.,J Oral Maxillofac Pathol,2023-12-17-22-02-45
25992046,PMC4399178,Dermoid of the nasopharynx causing neonatal respiratory distress.,Int Arch Otorhinolaryngol,2023-12-17-22-02-45
25992070,PMC4296946,Transpterygoid approach to a dermoid cyst in pterygopalatine fossa.,Int Arch Otorhinolaryngol,2023-12-17-22-02-45
26000005,PMC4426154,Comparison of anti-mullerian hormone level in non-endometriotic benign ovarian cyst before and after laparoscopic cystectomy.,Iran J Reprod Med,2023-12-17-22-02-45
26113964,PMC4479718,A Ruptured Dermoid Cyst of the Cavernous Sinus Extending into the Posterior Fossa.,J Korean Neurosurg Soc,2023-12-17-22-02-45
26157594,PMC4495274,Fever of Unknown Origin: An Unusual Presentation of Anti-N-Methyl-D-Aspartate Receptor Encephalitis.,Infect Chemother,2023-12-17-22-02-45
26167217,PMC4489057,Infected cervico-dorsal dermoid cyst with fluid - fluid level.,J Pediatr Neurosci,2023-12-17-22-02-45
26327968,PMC4546784,[Giant dermoid cyst of the abdominal wall: a rare observation].,Pan Afr Med J,2023-12-17-22-02-45
26413440,PMC4577497,Clinical decision upon resection or observation of ocular surface dermoid lesions with the visual axis unaffected in pediatric patients.,Springerplus,2023-12-17-22-02-45
26425172,PMC4558819,Spinal neural fibrolipoma: A case report and review of the literature.,Asian J Neurosurg,2023-12-17-22-02-45
26555061,PMC4701800,Dermoid cyst of the pancreas: A rare cystic neoplasm.,Int J Surg Case Rep,2023-12-17-22-02-45
26557168,PMC4611896,Posterior fossa infected dermoid with congenital heart disease: A novel hypothesis of an unusual association.,J Pediatr Neurosci,2023-12-17-22-02-45
26586987,PMC4625219,An unusual eyelid mass: Tarsal dermoid cyst.,Saudi J Ophthalmol,2023-12-17-22-02-45
26623226,PMC4648720,Extradural Dermoid Cyst of the Anterior Infratemporal Fossa. Case Report.,J Neurol Surg Rep,2023-12-17-22-02-45
26801904,PMC4724162,Relevance of frozen sections and serum markers in invasive squamous cell carcinoma arising from ovarian mature cystic teratoma: two case reports.,J Med Case Rep,2023-12-17-22-02-45
26862294,PMC4721127,Dermoid cyst of an undescended intra-abdominal testis with torsion: A rare case report.,J Indian Assoc Pediatr Surg,2023-12-17-22-02-45
26904369,PMC4743265,Acquired dorsal intraspinal epidermoid cyst in an adult female.,Surg Neurol Int,2023-12-17-22-02-45
27124066,PMC4998729,Abnormal Magnetic Resonance Imaging Findings in Patients With Sudden Sensorineural Hearing Loss: Vestibular Schwannoma as the Most Common Cause of MRI Abnormality.,Medicine (Baltimore),2023-12-17-22-02-45
27168946,PMC4854038,"Composite split cord malformation associated with a dermal sinus tract, dermoid cyst, and epidural abscess: A case report and review of literature.",Surg Neurol Int,2023-12-17-22-02-45
27330927,PMC4914389,Nasal Dermal Sinus Associated with a Dumbbell-Shaped Dermoid: A Case Report.,J Neurol Surg Rep,2023-12-17-22-02-45
27331138,PMC4899417,Malignant melanoma arising in a mature teratoma: A case report with review of the recent literature.,Gynecol Oncol Rep,2023-12-17-22-02-45
27408663,PMC4921191,Traumatic rupture of an intracranial dermoid cyst.,Radiol Case Rep,2023-12-17-22-02-45
27504448,PMC4958625,Carbon Dioxide Laser Microsurgical Median Glossotomy for Resection of Lingual Dermoid Cysts.,Front Surg,2023-12-17-22-02-45
27508272,PMC4971231,Primary ovarian neuroendocrine tumor arising in association with a mature cystic teratoma: A case report.,Gynecol Oncol Rep,2023-12-17-22-02-45
27520694,PMC4983001,Ruptured dermoid cyst of the lateral cavernous sinus wall with temporary symptoms: a case report.,J Med Case Rep,2023-12-17-22-02-45
27594757,PMC5010063,Epidermoid Cyst of Mandible Ramus: Case Report.,Med Arch,2023-12-17-22-02-45
27606030,PMC4991165,Paired discharging sinuses at medial canthus of left eye and dorsum of nose in a 2-year toddler since birth associated with interfalcial dermoid.,J Pediatr Neurosci,2023-12-17-22-02-45
27617246,PMC5016499,Torsion of Collision Tumor: Dermoid Cyst and Fibrothecoma with Postmenopausal Bleeding.,J Menopausal Med,2023-12-17-22-02-45
27744466,PMC5224435,Posterior fossa ruptured dermoid cyst presenting with hydrocephalus.,Neurosciences (Riyadh),2023-12-17-22-02-45
27807494,PMC5078756,Ovarian Carcinosarcoma and Its Association with Mature Cystic Teratoma and Primary Tubal Carcinoma.,Case Rep Pathol,2023-12-17-22-02-45
27853019,PMC5151161,Can a dermoid cyst lead to an abnormal origin of an extraocular muscle?,Indian J Ophthalmol,2023-12-17-22-02-45
27861396,PMC5120953,Surgical treatments on adult tethered cord syndrome: A retrospective study.,Medicine (Baltimore),2023-12-17-22-02-45
27907820,PMC5134083,Preauricular pilomatricoma: An uncommon entity in a dental pediatric patient.,Int J Surg Case Rep,2023-12-17-22-02-45
27909631,PMC5120966,A Nonoperative Approach for Neurosurgical Management of a Sylvian Fissure Dermoid Cyst.,Cureus,2023-12-17-22-02-45
28018806,PMC5177558,Management of Familial Ovarian Teratoma: The Need for Guidance.,European J Pediatr Surg Rep,2023-12-17-22-02-45
28018955,PMC5176123,Wilms' tumor of the ovary.,Gynecol Oncol Rep,2023-12-17-22-02-45
28050596,PMC5192096,An ovarian mature cystic teratoma evolving in squamous cell carcinoma: A case report and review of the literature.,Gynecol Oncol Rep,2023-12-17-22-02-45
28077165,PMC5225638,Malignant transformation of a long-standing submental dermoid cyst to a carcinosarcoma: a case report.,J Med Case Rep,2023-12-17-22-02-45
28121918,PMC5287942,Intracranial dermoid cyst rupture-related brain ischemia: Case report and hemodynamic study.,Medicine (Baltimore),2023-12-17-22-02-45
28127373,PMC5251190,The Mandibular Angle Hydatid Cyst Mimicking Branchial Cleft Cyst: A Case Report.,Iran J Parasitol,2023-12-17-22-02-45
28144459,PMC5253224,A Rare Coexistence of Retrorectal and Ovarian Cysts: A Case Report.,Iran Red Crescent Med J,2023-12-17-22-02-45
28191116,PMC5024899,Ultrasound of ovarian dermoids - sonographic findings of a dermoid cyst in a 41-year-old woman with an elevated serum hCG.,Australas J Ultrasound Med,2023-12-17-22-02-45
28191138,PMC5025128,Massive ovarian cystic teratomas diagnosed at a rural Nepal camp.,Australas J Ultrasound Med,2023-12-17-22-02-45
28203171,PMC5301128,A Squamous Cell Carcinoma and a Malignant Fibrous Histiocytoma Developing in a Patient with a Mature Cystic Teratoma.,Case Rep Oncol,2023-12-17-22-02-45
28299014,PMC5340050,Deep Orbital Dermoid Cyst Bulging into the Superior Orbital Fissure: Clinical Presentation and Management.,J Ophthalmic Vis Res,2023-12-17-22-02-45
28300929,PMC5325028,Oculoectodermal syndrome: twentieth described case with new manifestations.,An Bras Dermatol,2023-12-17-22-02-45
28381238,PMC5381022,Homozygous germ-line mutation of the PMS2 mismatch repair gene: a unique case report of constitutional mismatch repair deficiency (CMMRD).,BMC Med Genet,2023-12-17-22-02-45
28450777,PMC5389081,Rare Locations of Epidermoid Cyst: Case Reports and Review.,Ethiop J Health Sci,2023-12-17-22-02-45
28484557,PMC5409393,Corpus callosum dermoid cyst: A rare entity.,Asian J Neurosurg,2023-12-17-22-02-45
28523263,PMC5432471,A Rare Case of an Autoamputated Ovary with Mature Cystic Teratoma.,J Menopausal Med,2023-12-17-22-02-45
28529429,PMC5418990,Erratum: Recurrent Adult Nasal Dermoid Cyst.,J Cutan Aesthet Surg,2023-12-17-22-02-45
28540054,PMC5433670,Primary retroperitoneal mature cystic teratoma (dermoid cyst) in a 51-year-old male:Case report and historical literature review.,SAGE Open Med Case Rep,2023-12-17-22-02-45
28553378,PMC5437786,Dermoid of the Posterior Fossa in Chiari II Malformation: The First Reported Case.,J Pediatr Neurosci,2023-12-17-22-02-45
28607282,PMC5485804,Laparoendoscopic single-site adnexal surgery: Preliminary Indian experience.,J Minim Access Surg,2023-12-17-22-02-45
28658734,PMC5769948,Ultrasonographic features differentiating thyroglossal duct cysts from dermoid cysts.,Ultrasonography,2023-12-17-22-02-45
28678954,PMC5482258,Occurrence of dermoid cyst in the floor of the mouth: the importance of differential diagnosis in pediatric patients.,J Appl Oral Sci,2023-12-17-22-02-45
28694627,PMC5488568,Osteolytic Skull Lesions-Our Experience.,J Neurosci Rural Pract,2023-12-17-22-02-45
28694912,PMC5489652,Posterior Auricular Mass.,Eplasty,2023-12-17-22-02-45
28704893,PMC5516693,Clinical Characteristics of Idiopathic Epidermoid and Dermoid Cysts of the Ear.,J Audiol Otol,2023-12-17-22-02-45
28706413,PMC5496289,Virilization in a Postmenopausal Female Due to Androgen Secreting Ovarian Dermoid Cyst.,J Midlife Health,2023-12-17-22-02-45
28713758,PMC5502507,Two Concurrent Large Epidermoid Cysts in Sublingual and Submental Region Resembling Plunging Ranula: Report of a Rare Case.,Ann Maxillofac Surg,2023-12-17-22-02-45
28761283,PMC5512416,Report of a rare cyst at a rare site: Heterotopic gastrointestinal cyst partially lined with dermoid cyst epithelium.,Natl J Maxillofac Surg,2023-12-17-22-02-45
28791189,PMC5534267,The Youngest Reported and Successfully Treated Patient with a Dermoid Cyst of the Parotid Gland: A Rare Pediatric Case.,Case Rep Otolaryngol,2023-12-17-22-02-45
28791272,PMC5547088,Laparoscopic repair of a rectal fistula due to a benign ovarian dermoid cyst.,Obstet Gynecol Sci,2023-12-17-22-02-45
28819483,PMC5554670,[Malignant teratoma: about a case and a review of the literature].,Pan Afr Med J,2023-12-17-22-02-45
28824982,PMC5553463,Multicentric Dentigerous Dermoid Cyst with an Unusual Location in the Central Nervous System.,Surg J (N Y),2023-12-17-22-02-45
28828140,PMC5552003,Congenital dermoid fistulas of the anterior chest region (CDFACR): usefulness of sonography for complete resection.,Radiol Case Rep,2023-12-17-22-02-45
28878954,PMC5581501,Brainstem dermoid cyst rupture with hydrocephalus in a child.,Oxf Med Case Reports,2023-12-17-22-02-45
28883682,PMC5544451,Role of MRI in Diagnosis of Ruptured Intracranial Dermoid Cyst.,Acta Inform Med,2023-12-17-22-02-45
28897272,PMC5050936,Dermoid Cyst of a Branchial Cleft.,Bristol Med Chir J (1883),2023-12-17-22-02-45
28900332,PMC5582561,A Case of Mature Cystic Teratoma in an 8-year-old Girl: A Rare Case Report.,Indian J Med Paediatr Oncol,2023-12-17-22-02-45
28913079,PMC5588480,Parasitic omental ovarian dermoid tumour mimicking an adnexal mass: A report of two very unusual cases.,Turk J Obstet Gynecol,2023-12-17-22-02-45
28913184,PMC5556708,Characteristics of Dermoid Cyst of the Auricle.,Arch Craniofac Surg,2023-12-17-22-02-45
28971023,PMC5612786,"Metastatic primary testicular carcinoid tumor managed with radical orchiectomy, retroperitoneal lymph node dissection and inferior vena cava excision: Case report.",Urol Case Rep,2023-12-17-22-02-45
29001339,PMC5184633,Dermoid Cyst in Connection with Upper Eyelid and Frontal Bone: Removal.,Ind Med Gaz,2023-12-17-22-02-45
29003970,PMC5162743,Note on a Case of Malignant Dermoid Cyst of the Neck: With Pathological Report and Pathological Comment.,Ind Med Gaz,2023-12-17-22-02-45
29004647,PMC5140621,Dermoid Cyst.,Ind Med Gaz,2023-12-17-22-02-45
29005217,PMC5167889,A Case of Dermoid Cyst.,Ind Med Gaz,2023-12-17-22-02-45
29005349,PMC5168132,A Case of Suppurating Ovarian Dermoid Cyst.,Ind Med Gaz,2023-12-17-22-02-45
29011362,PMC5232342,A Case of Dermoid Cyst of the Ovary.,Ind Med Gaz,2023-12-17-22-02-45
29013137,PMC5170738,A Giant Dermoid Cyst.,Ind Med Gaz,2023-12-17-22-02-45
29013935,PMC5207926,A Dermoid Cyst in the Right Axilla.,Ind Med Gaz,2023-12-17-22-02-45
29021964,PMC5633745,Torsion of ovarian dermoid cyst mimicking obstructing urinary tract stone.,Urol Case Rep,2023-12-17-22-02-45
29089678,PMC5644323,An extremely rare case of dermoid cyst of urinary bladder.,Indian J Radiol Imaging,2023-12-17-22-02-45
29089741,PMC5649431,Epidermoid Cyst in Inguinal Canal: A Rare Presentation.,Niger J Surg,2023-12-17-22-02-45
29118876,PMC5667701,Large Dermoid Cyst Presenting as Recurrent Pancreatitis.,Gastroenterology Res,2023-12-17-22-02-45
29142453,PMC5672730,Ectopic Ovary With Dermoid Cyst as a Result of Possible Asymptomatic Autoamputation.,J Hum Reprod Sci,2023-12-17-22-02-45
29151533,PMC5874349,Acute Urinary Retention Induced by Chemical Meningitis Which Occurred Due to a Ruptured Dermoid Cyst.,Intern Med,2023-12-17-22-02-45
29276593,PMC5734557,Anterior orbital leiomyoma originating from the supraorbital neurovascular bundle.,SAGE Open Med Case Rep,2023-12-17-22-02-45
29379658,PMC5742875,Teratoid Cyst of the Postauricular Region: The First Ever Case Report.,Case Rep Pathol,2023-12-17-22-02-45
29386823,PMC5773994,Congenital cyst of the orbit: A case report.,Natl J Maxillofac Surg,2023-12-17-22-02-45
29399424,PMC5790211,Diagnostic Dilemma: Cerebellopontine Angle Lipoma Versus Dermoid Cyst.,Cureus,2023-12-17-22-02-45
29416828,PMC5788696,Asymmetrically enlarged parietal foramina in a rare case of Goldenhar syndrome with a possible etiopathogenesis.,Oncotarget,2023-12-17-22-02-45
29487663,PMC5826499,Occipital intraosseous dermoid cyst with restricted diffusion on magnetic resonance imaging in a child.,Radiol Case Rep,2023-12-17-22-02-45
29492322,PMC5820825,Chronic subdural hematoma of the posterior fossa treated by suboccipital craniotomy.,Surg Neurol Int,2023-12-17-22-02-45
29497194,PMC5806331,"Electroconvulsive therapy for medication-refractory depression in a patient with ruptured intracranial dermoid cyst, meningioma, and neurofibromatosis.",Indian J Psychiatry,2023-12-17-22-02-45
29613510,PMC5533355,Case of Suppuration of a Dermoid Cyst after Delivery.,Trans Edinb Obstet Soc,2023-12-17-22-02-45
29670741,PMC5899793,Coexisting sublingual dermoid cyst and heterotopic gastrointestinal cyst: Case report.,J Clin Exp Dent,2023-12-17-22-02-45
29670783,PMC5833879,Autoamputation of the Appendix in a Chronic Adnexal Abscess.,Case Rep Obstet Gynecol,2023-12-17-22-02-45
29721231,PMC5923888,Cystic mass of the floor of the mouth.,J Clin Exp Dent,2023-12-17-22-02-45
29780914,PMC5956660,Rescue technique for complete removal of an accidentally ruptured orbital dumbbell deep dermoid cyst: A case report.,Am J Ophthalmol Case Rep,2023-12-17-22-02-45
29868530,PMC5964207,"Congenital Perirectal Dermoid Cyst: A Rare Cause of Complex, Recurrent Pediatric Fistula-in-ano.",Front Pediatr,2023-12-17-22-02-45
29872584,PMC5984270,Dermoid Cyst of the Floor of the Mouth: Diagnostic Imaging Findings.,Cureus,2023-12-17-22-02-45
29888031,PMC5961282,Atypical imaging features of posterior fossa's dermoid cyst: Case report and review of literature.,Surg Neurol Int,2023-12-17-22-02-45
29951451,PMC6018880,Mature teratoma of the bladder in adolescence: a case report and literature review.,Res Rep Urol,2023-12-17-22-02-45
29998103,PMC6031948,Cutaneous Adnexal Cysts Revisited: What We Know and What We Think We Know.,Dermatopathology (Basel),2023-12-17-22-02-45
30018909,PMC6046355,An unusual presentation of ovarian dermoid cyst: a case report and review of literature.,Obstet Gynecol Sci,2023-12-17-22-02-45
30083530,PMC6064767,Naso-Septal Tuberculosis Mimicking Dermoid in a 3-Year old Child.,Iran J Otorhinolaryngol,2023-12-17-22-02-45
30088427,PMC6259413,Lamellar keratoplasty using femtosecond laser intrastromal lenticule for limbal dermoid: case report and literature review.,J Int Med Res,2023-12-17-22-02-45
30156600,PMC9743994,Dermoid cyst with cerebellar meningoencephalocele at different locations accompanied by posterior fossa abnormalities: case report.,Sao Paulo Med J,2023-12-17-22-02-45
30215018,PMC6133908,Holmes' or functional tremor?,Clin Neurophysiol Pract,2023-12-17-22-02-45
30225334,PMC6138851,Sebaceous carcinoma arising within an ovarian mature cystic teratoma: A case report with discussion of clinical management and genetic evaluation.,Gynecol Oncol Rep,2023-12-17-22-02-45
30254931,PMC6135149,Safety and Efficacy of Laparoscopic Oophorocystectomy for Ovarian Dermoid Cyst Associated With Autoimmune Hemolytic Anemia.,Gynecol Minim Invasive Ther,2023-12-17-22-02-45
30275675,PMC6158972,Robotic Neck Surgery in the Pediatric Population.,JSLS,2023-12-17-22-02-45
30279720,PMC6160624,Enterobacter Meningitis Due To Dermoid Cyst Manipulation.,Iran J Child Neurol,2023-12-17-22-02-45
30327753,PMC6187261,Infantile Dermoid Cyst in the Lateral Wall of the Cavernous Sinus: A Case Report and Literature Review.,NMC Case Rep J,2023-12-17-22-02-45
30363218,PMC6159174,A case of symptomatic tailgut duplication cyst(retro-rectal cystic hamartoma) in an adult male.,BJR Case Rep,2023-12-17-22-02-45
30364552,PMC6196987,Follicular carcinoma arising in a large ectopic lingual thyroid: a case report and review of literature.,J Surg Case Rep,2023-12-17-22-02-45
30407296,PMC6250529,Dermoid cyst of nasal septum in an adult patient: A case report.,Medicine (Baltimore),2023-12-17-22-02-45
30428870,PMC6236942,Recurrent epibulbar dermoid cyst treated with amniotic membrane implant a case report.,BMC Surg,2023-12-17-22-02-45
30433048,PMC5885521,"Case of Dermoid Cyst of the Ovary, with Unusual Sympathetic Symptoms.",Glasgow Med J,2023-12-17-22-02-45
30435811,PMC5938938,"A Case of Dermoid Cyst of the Penis, of Tubular Form.",Glasgow Med J,2023-12-17-22-02-45
30443443,PMC6235633,Long-term Seizure Disorder Caused by a Dermoid Cyst with Catastrophic Developments.,Cureus,2023-12-17-22-02-45
30466230,PMC6258973,Dermoid cysts: Epidemiology and diagnostic approach based on clinical experiences.,Arch Plast Surg,2023-12-17-22-02-45
30743322,PMC6453694,Rare cause of seizures: ruptured intracranial dermoid cyst.,Clin Exp Emerg Med,2023-12-17-22-02-45
30792875,PMC6376515,Nasal dermoid cyst with intracranial extension in a cat.,JFMS Open Rep,2023-12-17-22-02-45
30805488,PMC6372456,Our experience with adnexal masses in the pediatric age group and review of literature.,Int J Pediatr Adolesc Med,2023-12-17-22-02-45
30828516,PMC6379832,Nasofrontal surgical reconstruction by external table flap of frontal bone following removal of a dermoid cyst revealed by a fistula: A case report and review of the literature.,GMS Interdiscip Plast Reconstr Surg DGPW,2023-12-17-22-02-45
30937051,PMC6417289,Unusual Radiological Presentation of Intracranial Dermoid Cyst: A Case Series.,Asian J Neurosurg,2023-12-17-22-02-45
30937094,PMC6413619,An Infected Dermoid Cyst Without a Sinus Tract: A Rarity Mimicking a Spinal Tumor.,J Pediatr Neurosci,2023-12-17-22-02-45
30957135,PMC6506659,Autoimmune hemolytic anemia and ovarian dermoid cysts in pregnancy.,Saudi Med J,2023-12-17-22-02-45
31048648,PMC6505437,Combined extracranial and intracranial approach for resection of dermoid cyst of the sphenoid bone with a cutaneous sinus tract across the frontal branch of the facial nerve.,Arch Craniofac Surg,2023-12-17-22-02-45
31086669,PMC6488942,Retrospective evaluation of pathological results among women with ovarian endometriomas versus teratomas.,Mol Clin Oncol,2023-12-17-22-02-45
31110419,PMC6503773,Cytokeratin and fibronectin expression in orthokeratinized odontogenic cyst: A comparative immunohistochemical study.,J Oral Maxillofac Pathol,2023-12-17-22-02-45
31123632,PMC6416756,Dermoid cyst with no intracranial extension: A case report and literature review.,Surg Neurol Int,2023-12-17-22-02-45
31143281,PMC6515996,White Epidermoid of the Sylvian Fissure Masquerading as a Dermoid Cyst: An Extremely Rare Occurrence.,Asian J Neurosurg,2023-12-17-22-02-45
31151175,PMC6631357,Incomplete Urethral Duplication Associated with a Dermoid Cyst within a Vascular Hamartoma in a Female Dog.,Vet Sci,2023-12-17-22-02-45
31238481,PMC6611252,Primary lacrimal gland teratoma in an adult: A clinicopathologic and radiological correlation.,Indian J Ophthalmol,2023-12-17-22-02-45
31360586,PMC6637780,"Utility of the ""floating ball sign"" in diagnosis of ovarian cystic teratoma.",Turk J Obstet Gynecol,2023-12-17-22-02-45
31372357,PMC6629271,"Diagnosis, management, and follow-up of extensive dermoid cyst of the submental region.",Autops Case Rep,2023-12-17-22-02-45
31497125,PMC6703049,Primary Intracranial Squamous Cell Carcinoma Arising in Dermoid Cyst.,Asian J Neurosurg,2023-12-17-22-02-45
31497144,PMC6703017,Thoracic Dorsal Dermal Sinus with Secondarily Infected Intramedullary Dermoid Cyst.,Asian J Neurosurg,2023-12-17-22-02-45
31516651,PMC6734538,Caecal dermoid cyst presenting as an appendicular mucocele on abdominal imaging.,Radiol Case Rep,2023-12-17-22-02-45
31579381,PMC6771172,Submental Dermoid Cyst Mimicking Double Chin.,Niger J Surg,2023-12-17-22-02-45
31649234,PMC6824416,Giant Ocular Lipodermoid Cyst in Encephalocraniocutaneous Lipomatosis: Surgical Treatment and Genetic Analysis.,Am J Case Rep,2023-12-17-22-02-45
31690282,PMC6833159,Pediatric congenital buttock sinus tract:10-year experience in a single institution.,BMC Pediatr,2023-12-17-22-02-45
31762890,PMC6859014,[Dermolipoma: intraoperative features].,Pan Afr Med J,2023-12-17-22-02-45
31768163,PMC6871196,"ADELOLA ADELOYE: QUINTESSENTIAL NEUROLOGICAL SURGEON, NEUROLOGIST, DISTINGUISHED ACADEMIC, MEDICAL HISTORIAN, AND BIOGRAPHER.",Ann Ib Postgrad Med,2023-12-17-22-02-45
31803550,PMC6874289,A Missed Diagnosis of Ovarian Torsion in a Patient with Bilateral Ovarian Dermoid Cysts: A Case Report.,Cureus,2023-12-17-22-02-45
31819791,PMC6884736,Ovarian tumor and glomerulopathies: case report and review of the literature.,Pan Afr Med J,2023-12-17-22-02-45
31867262,PMC6905228,Huge ovarian mature cystic teratoma with gliomatosis peritonei and massive ascites in a postmenopausal woman.,Ci Ji Yi Xue Za Zhi,2023-12-17-22-02-45
31871902,PMC6909036,Fimbrial dermoid cyst with elevated CA19-9 levels: A case report.,Case Rep Womens Health,2023-12-17-22-02-45
31910151,PMC6993267,Sellar surprises: a single-centre experience of unusual sellar masses.,Endocr Connect,2023-12-17-22-02-45
31921646,PMC6914684,Rectal Mucinous Adenocarcinoma Invading Retrorectal Dermoid Cysts: A Case Report.,Front Oncol,2023-12-17-22-02-45
31938630,PMC6952044,Is There a Role of Elevated CA 19-9 Levels in the Evaluation of Clinical Characteristics of Mature Cystic Ovarian Teratomas? A Systematic Review and Meta-analysis.,Cureus,2023-12-17-22-02-45
31956391,PMC6962634,Atypical dermoid cyst of the ovary during pregnancy: A multi-modality diagnostic approach.,Radiol Case Rep,2023-12-17-22-02-45
32061155,PMC7040530,Malignant struma ovarii with a robust response to radioactive iodine.,Endocrinol Diabetes Metab Case Rep,2023-12-17-22-02-45
32089672,PMC7012205,Skin and Soft Tissue Lesions in a District Hospital in Central Nigeria: A Histopathological Study.,Dermatol Res Pract,2023-12-17-22-02-45
32150047,PMC7478788,Dermoid cyst with secretion of CA 19-9 detected by 18F-FDG PET/CT: A case report.,Medicine (Baltimore),2023-12-17-22-02-45
32215158,PMC7083789,Image findings of dermal sinus in the lateral buttocks.,Radiol Case Rep,2023-12-17-22-02-45
32274027,PMC7141708,Adenocarcinoma of intestinal type arising in mature cystic teratoma of ovary: A diagnostic dilemma.,Clin Case Rep,2023-12-17-22-02-45
32292616,PMC7150697,Spontaneously Ruptured Dermoid Cysts and Their Potential Complications: A Review of the Literature with a Case Report.,Case Rep Obstet Gynecol,2023-12-17-22-02-45
32341825,PMC7171546,Effects of laparoscopic cystectomy on ovarian reserve in patients with endometrioma and dermoid cyst.,Turk J Obstet Gynecol,2023-12-17-22-02-45
32535529,PMC7298525,Infected intradural dermoid cyst without dermal sinus tract mimicking brain abscess: A case report.,Int J Surg Case Rep,2023-12-17-22-02-45
32551131,PMC7278314,Ruptured ovarian dermoid cyst - an unusual cause for peritonitis in pregnancy: a case report.,JRSM Open,2023-12-17-22-02-45
32581166,PMC7662057,Chemical Meningitis after a Golf Swing-induced Dermoid Cyst Rupture.,Intern Med,2023-12-17-22-02-45
32588695,PMC7323292,Dermoid cyst with a congenital sinus tract over the left sternoclavicular joint: a case report and literature review.,J Int Med Res,2023-12-17-22-02-45
32634618,PMC7338679,A rare case of intramedullary spinal dermoid cyst in adult: A case report.,Int J Surg Case Rep,2023-12-17-22-02-45
32706232,PMC8667002,Laparoscopic view of endosalpingiosis in a woman with dermoid cyst and endometriosis.,J Turk Ger Gynecol Assoc,2023-12-17-22-02-45
32827919,PMC7452625,A rare case of dermoid cyst arising in the upper lip.,Int J Surg Case Rep,2023-12-17-22-02-45
32855959,PMC7433947,Sublingual Dermoid Cyst: Review of 14 Cases.,Ann Maxillofac Surg,2023-12-17-22-02-45
32884763,PMC7455432,Sublingual dermoid cyst in an infant: A case report and review of the literature.,Clin Case Rep,2023-12-17-22-02-45
32963873,PMC7492907,Robot-Assisted Partial Splenectomy for Splenic Epidermoid Cyst.,Case Rep Surg,2023-12-17-22-02-45
33024606,PMC7533096,Long segment cervicothoracic intramedullary dermoid with concomitant conal lesion - A case report.,Surg Neurol Int,2023-12-17-22-02-45
33070146,PMC7582465,Paratesticular Dermoid Cyst Mimicking a Torsed Supernumerary Testis: A Case Report.,Am J Case Rep,2023-12-17-22-02-45
33100757,PMC7546066,Bladder teratoma with pilimiction in a male adolescent.,Urol Ann,2023-12-17-22-02-45
33102057,PMC7573956,Perineal dermoid cyst in a young male.,Urol Case Rep,2023-12-17-22-02-45
33158301,PMC7694368,Caudal Regression Syndrome.,Children (Basel),2023-12-17-22-02-45
33178882,PMC7594762,Cranial dermoid cyst with long-term development treated by ethanol sclerotherapy: a case report.,Case Reports Plast Surg Hand Surg,2023-12-17-22-02-45
33294080,PMC7687672,Combined minimally invasive surgical management of a nasal dermoid sinus cyst affecting the frontal sinus: literature review and new classification.,Wideochir Inne Tech Maloinwazyjne,2023-12-17-22-02-45
33299590,PMC7709059,Epidermal inclusion cyst of the thyroid: a rare case of a nodule-like structure at ultrasound.,BJR Case Rep,2023-12-17-22-02-45
33311911,PMC7727879,Accessory Fallopian Tube in an Adolescent: A Rare Anomaly.,J Hum Reprod Sci,2023-12-17-22-02-45
33314946,PMC8378139,A classic case suggestive of an unruptured ectopic pregnancy with unexpected finding of a unilateral dermoid cyst intraoperatively: A case report.,S Afr Fam Pract (2004),2023-12-17-22-02-45
33365191,PMC7749934,Frontotemporal dermoid cyst with incomplete dermal sinus tract in an adult: A case report.,Surg Neurol Int,2023-12-17-22-02-45
33367184,PMC7739018,Goldenhar syndrome: the importance of an ophthalmological approach.,Rom J Ophthalmol,2023-12-17-22-02-45
33412409,PMC7803625,Mature splenic teratoma: A rare case report.,Int J Surg Case Rep,2023-12-17-22-02-45
33446872,PMC7809128,Role of prenatal imaging in the diagnosis and management of fetal facio-cervical masses.,Sci Rep,2023-12-17-22-02-45
33485384,PMC7824924,The congenital sternoclavicular sinus: a single-institution retrospective study of 88 patients.,Orphanet J Rare Dis,2023-12-17-22-02-45
33499917,PMC7839193,Ovarian mature cystic teratoma with malignant transformation: two case reports.,J Med Case Rep,2023-12-17-22-02-45
33505560,PMC7813663,Large bilateral ovarian cysts with left ovarian torsion and right dermoid cyst.,Pan Afr Med J,2023-12-17-22-02-45
33514417,PMC7847138,Cecal dermoid masquerading dermoid cyst of ovary: a case report and review of the literature.,J Med Case Rep,2023-12-17-22-02-45
33563340,PMC7874666,Pilonidal sinus of the cheek: an extremely rare clinical entity-case report and brief review of the literature.,J Med Case Rep,2023-12-17-22-02-45
33648548,PMC7923823,A dermoid cyst misdiagnosed as a lipoma due to atypical magnetic resonance images: a case report.,J Med Case Rep,2023-12-17-22-02-45
33732406,PMC7941082,Dermoid cyst in the subcutaneous tissues of the back: A rare case with multimodal imaging and pathologic correlation.,Radiol Case Rep,2023-12-17-22-02-45
33777304,PMC7955606,Retroperitoneal dermoid cyst in a young boy.,Pan Afr Med J,2023-12-17-22-02-45
33814815,PMC7993046,Ocular and Periocular Tumors in India: An EyeSmart Electronic Medical Record Analysis of 9633 Cases from a Referral Center.,Middle East Afr J Ophthalmol,2023-12-17-22-02-45
33854757,PMC8024045,Management of infected nasal dermoid cysts and sinuses.,J Surg Case Rep,2023-12-17-22-02-45
33897926,PMC8055521,Extensive mature cystic teratoma in the pelvis of an adult male patient mimicking a prostatic abscess.,Radiol Case Rep,2023-12-17-22-02-45
33934699,PMC8091791,Struma ovarii and peritoneal strumosis during pregnancy.,BMC Pregnancy Childbirth,2023-12-17-22-02-45
33988139,PMC8182605,Dermoid Cyst of the retroauricular region: a rare clinicopathological entity.,Acta Biomed,2023-12-17-22-02-45
34060325,PMC8814968,Cervicofacial Actinomycosis in the Pediatric Population: Presentation and Management.,Ann Otol Rhinol Laryngol,2023-12-17-22-02-45
34141765,PMC8180201,Asymptomatic traumatic rupture of an intracranial dermoid cyst: A case report.,World J Clin Cases,2023-12-17-22-02-45
34163278,PMC8191074,Masses of the Sternoclavicular Area: Case Series and Review of the Literature.,Clin Med Insights Pediatr,2023-12-17-22-02-45
34184850,PMC8291982,"Unplanned adnexectomy for ovarian cystadenoma with undiagnosed autoamputation of the contralateral ovary, lessons learned from medical mistakes.",Facts Views Vis Obgyn,2023-12-17-22-02-45
34221613,PMC8247681,Infratentorial abscess secondary to dermal sinus associated with dermoid cyst in children: Review of the literature and report of a rare case.,Surg Neurol Int,2023-12-17-22-02-45
34221773,PMC8239477,Mastoid Abscess in a Child With Eustachian Tube Dermoid Cyst.,Cureus,2023-12-17-22-02-45
34249789,PMC8232379,Intraconal orbital dermoid cyst: a rare location.,Autops Case Rep,2023-12-17-22-02-45
34285844,PMC8286542,Clinicopathological Study of Intradural Extramedullary Spinal Tumors and Its Correlation With Functional Outcome.,Cureus,2023-12-17-22-02-45
34307216,PMC8214883,A rare combination of Dermoid cyst and Cystadenoma: Are collision tumors in the ovary a real entity?,Autops Case Rep,2023-12-17-22-02-45
34350042,PMC8328740,An Intracranial Extradural Dermoid Cyst Presenting with Two Dermal Sinuses and an Abscess in a Child.,Case Rep Neurol Med,2023-12-17-22-02-45
34395129,PMC8357849,Anterior Fontanelle Dermoid Cyst: Surgical Technique.,Cureus,2023-12-17-22-02-45
34449578,PMC8395831,Diagnostic Approach to Congenital Cystic Masses of the Neck from a Clinical and Pathological Perspective.,Dermatopathology (Basel),2023-12-17-22-02-45
34458316,PMC8385128,Ruptured Suprasellar Dermoid Cyst Treated With Lumbar Drain to Prevent Postoperative Hydrocephalus: Case Report and Focused Review of Literature.,Front Surg,2023-12-17-22-02-45
34513476,PMC8412338,Peritonitis From Ruptured Lipid-Poor Dermoid: Struma Ovarii.,Cureus,2023-12-17-22-02-45
34540422,PMC8439399,Is it Necessary to Send Clinically Diagnosed Benign Skin and Subcutaneous Lesions Excised Under Local Anesthesia for Routine Histopathological Examination?,Cureus,2023-12-17-22-02-45
34567894,PMC8452376,Ovarian Cystic Teratoma in Pregnant Women: Conservative Management or Prophylactic Oophorectomy?,Cureus,2023-12-17-22-02-45
34573158,PMC8465289,Non-Ruptured Temporal Lobe Dermoid Cyst Concomitant with Focal Cortical Dysplasia Causing Temporal Lobe Epilepsy-A Case Report and Literature Review.,Brain Sci,2023-12-17-22-02-45
34584716,PMC8455959,Epidermoid cyst of the buccal mucosa-An uncommon entity: Case report and literature review.,Clin Case Rep,2023-12-17-22-02-45
34607267,PMC8497843,Long segment spinal intramedullary dermoid cyst: A case report.,Int J Surg Case Rep,2023-12-17-22-02-45
34637425,PMC8522689,Intracranial Transthecal Fat Migration After a Sacral Fracture: 2 Case Reports.,Am J Case Rep,2023-12-17-22-02-45
34660381,PMC8477828,Surgical Nuances of Intramedullary White Epidermoid Cyst in the Conus Medullaris: A Rare Entity.,Asian J Neurosurg,2023-12-17-22-02-45
34690325,PMC9275844,Dermoid Cyst of Nasal Tip and Nasal Septum.,J Craniofac Surg,2023-12-17-22-02-45
34722068,PMC8547369,Struma Ovarii: A Thyroxine-Producing Ovarian Tumor in Pregnancy.,Cureus,2023-12-17-22-02-45
34795897,PMC8582024,Presacral dermoid cyst in a young female patient: A case report.,Clin Case Rep,2023-12-17-22-02-45
34909093,PMC8641637,A rare association between a dermoid cyst and arachnoid cyst of the cerebellopontine angle: a case report.,Pan Afr Med J,2023-12-17-22-02-45
34932774,PMC8687640,A T1-hypointense intracranial dermoid cyst.,Einstein (Sao Paulo),2023-12-17-22-02-45
35004082,PMC8727325,Eyelid Tumours in Northern Malaysia: A Five-Year Review.,Cureus,2023-12-17-22-02-45
35079513,PMC8769460,A Case of Dermoid Cyst Arising in the Temporal Lobe.,NMC Case Rep J,2023-12-17-22-02-45
35086291,PMC9023934,Orbital dermoid cyst.,Indian J Ophthalmol,2023-12-17-22-02-45
35136645,PMC8803216,Intrauterine ovarian dermoid cyst complicated by torsion: an uncommon presentation of abdominal mass in a neonate.,BJR Case Rep,2023-12-17-22-02-45
35165621,PMC8831482,A Rare Third Ventricular Dermoid Cyst in an Adult With Imaging Characteristics Consistent With a Colloid Cyst.,Cureus,2023-12-17-22-02-45
35189859,PMC8862463,A new association of Oculoauriculovertebral spectrum and persistent fifth aortic arch -double lumen aorta: a case report.,BMC Pediatr,2023-12-17-22-02-45
35242420,PMC8888283,Intramedullary abscess at thoracolumbar region transmitted from infected dermal sinus and dermoid through retained medullary cord.,Surg Neurol Int,2023-12-17-22-02-45
35251799,PMC8886737,Nasal Dermoid Cyst: A Case Report.,Cureus,2023-12-17-22-02-45
35265482,PMC8848557,Rare Presentation of Hibernoma as a Cystic Swelling.,Int J Appl Basic Med Res,2023-12-17-22-02-45
35282536,PMC8906196,An Unusual Presentation of Spontaneous Rupture of Dermoid Cyst.,Cureus,2023-12-17-22-02-45
35309645,PMC8930167,A unique case of uncorrected Fallot's tetralogy with nasal dermoid cyst and median cleft lip presenting during postpartum.,J Family Med Prim Care,2023-12-17-22-02-45
35371884,PMC8971117,Marsupialization of a Floor-of-Mouth Dermoid Cyst to Temporize Airway Distress.,Cureus,2023-12-17-22-02-45
35414811,PMC8981127,Mediastinal dermoid cyst with rupture in the pericardium.,Kardiochir Torakochirurgia Pol,2023-12-17-22-02-45
35448727,PMC9028042,"Dermoid Cysts of the Asterion: An Unusual Location for Unusual Dermoids, Radiological Findings and Neurosurgical Implications.",Tomography,2023-12-17-22-02-45
35459759,PMC9044341,A Rare Case of an Intracranial Dermoid Cyst with Atypical Appearance on Computed Tomography and Magnetic Resonance Imaging.,Am J Case Rep,2023-12-17-22-02-45
35462526,PMC9082128,Ruptured Spinal Dermoid Cysts with Lipid Droplets into the Syrinx Cavity : Reports of Fourteen Cases.,J Korean Neurosurg Soc,2023-12-17-22-02-45
35464792,PMC9018807,Intradural dermoid cyst with complete dermal sinus of the posterior fossa: Contribution of 3D imaging with histopathological correlation.,Radiol Case Rep,2023-12-17-22-02-45
35514791,PMC9063536,The Value of Ultrasonography in the Diagnosis of a Rare Congenital Dermoid Cyst of the Anterior Fontanelle in an Infant.,J West Afr Coll Surg,2023-12-17-22-02-45
35601867,PMC9116087,Isolated eyelid coloboma in association with complex choristoma in a newborn: A case report.,Saudi J Ophthalmol,2023-12-17-22-02-45
35634129,PMC9136178,Intradural intramedullary dermoid cyst in a 42-year-old man at the L1-L2 region.,N Am Spine Soc J,2023-12-17-22-02-45
35719751,PMC9203259,Traumatic Rupture of a Skull Base Dermoid Cyst Mimicking Chronic Meningitis.,Cureus,2023-12-17-22-02-45
35722639,PMC9200489,A Cystic Clival Chordoma with CT and MRI Unconventional Appearances.,Indian J Radiol Imaging,2023-12-17-22-02-45
35761720,PMC9237912,A minimally invasive approach with fertility preservation in a young woman with distinct bilateral ovarian masses: a case report and review of the literature.,JBRA Assist Reprod,2023-12-17-22-02-45
35769311,PMC9230704,A late-diagnosed dermoid cyst complicated with a fistula in the left scapular region: a case report.,J Surg Case Rep,2023-12-17-22-02-45
35823544,PMC8815897,Dermoid Cyst of the Ovary.,Atlanta Med Surg J,2023-12-17-22-02-45
35828527,PMC8937085,"Report of Four Cases of Laparotomy, Two Cases of Intra-Ligamentous Cyst, One Dermoid Cyst and One Removal of Appendages, Two of the Cases Requiring Hysterectomy.",Atlanta Med Surg J (1884),2023-12-17-22-02-45
35832686,PMC9272015,Intraosseous Dermoid Presenting as an Expansile Lytic Lesion.,J Neurol Surg Rep,2023-12-17-22-02-45
35855487,PMC9281439,Traumatic sacral dermoid cyst rupture with intracranial subarachnoid seeding of lipid particles: illustrative case.,J Neurosurg Case Lessons,2023-12-17-22-02-45
35860165,PMC9289341,Atypical intraorbital dermoid and epidermoid cyst: A single institution cross-sectional retrospective study.,Ann Med Surg (Lond),2023-12-17-22-02-45
35865446,PMC9293269,Incidental Discovery of a Chronically Ruptured Ovarian Dermoid in a Patient With Right Upper Quadrant Pain.,Cureus,2023-12-17-22-02-45
35865777,PMC9290779,Extra-gonadal mature teratoma: A case report of retroperitoneal location with a literature review.,Clin Case Rep,2023-12-17-22-02-45
35919784,PMC9334956,Mucinous adenocarcinoma of a tailgut cyst.,Ghana Med J,2023-12-17-22-02-45
35928447,PMC9344137,A novel mutation in the UBAP1 gene causing hereditary spastic paraplegia: A case report and overview of the genotype-phenotype correlation.,Front Genet,2023-12-17-22-02-45
35936876,PMC9352422,Removal of an atypical ovarian dermoid cyst: a case report.,Radiol Case Rep,2023-12-17-22-02-45
35956164,PMC9369492,What Is Currently Known about Intramedullary Spinal Cord Abscess among Children? A Concise Review.,J Clin Med,2023-12-17-22-02-45
35965932,PMC9372745,Posterior mediastinal teratoma presenting as an abdominal mass in a child: A case report.,Radiol Case Rep,2023-12-17-22-02-45
36090941,PMC9436656,Robotic-assisted laparoscopic removal of dermoid cyst mimicking an enlarged cystic mass in the seminal vesicle.,IJU Case Rep,2023-12-17-22-02-45
36113118,PMC10469497,Multimodal ocular imaging in Proteus syndrome.,Eur J Ophthalmol,2023-12-17-22-02-45
36147072,PMC9486682,Diagnosing a rare thoracic intramedullary spinal dermoid cyst using DWI with ADC mapping: Case report.,Ann Med Surg (Lond),2023-12-17-22-02-45
36158856,PMC9459629,Keloid-like Pilomatricoma of the Auricle: A Case Report and Review of Literature.,Case Rep Dermatol,2023-12-17-22-02-45
36159371,PMC9507587,Dermoid Cyst of Nasal Tip with a Sinus Tract Extending to the Intracranium: A Case Report.,Arch Plast Surg,2023-12-17-22-02-45
36185517,PMC9394148,Feline upper respiratory tract disease - Computed tomography and laboratory diagnostic.,Vet World,2023-12-17-22-02-45
36186252,PMC9523855,Pharyngeal dermoid cyst causing partial upper airway obstruction in a cat.,JFMS Open Rep,2023-12-17-22-02-45
36254352,PMC9576033,Malignant transformation of a cerebral dermoid cyst into a squamous cell carcinoma with malignant intraperitoneal spreading along a ventriculoperitoneal shunt: illustrative case.,J Neurosurg Case Lessons,2023-12-17-22-02-45
36258939,PMC9562604,Dermoid Cyst Spillage Resulting in Chemical Peritonitis: A Case Report and Literature Review.,Cureus,2023-12-17-22-02-45
36267828,PMC9576965,Acute post-traumatic dermoid peritonitis: A rare entity.,Clin Case Rep,2023-12-17-22-02-45
36268424,PMC9577650,Ruptured dermoid cyst of ovary developing into chronic peritonitis; a rare complication diagnosed by contrast CT: A case study.,Ann Med Surg (Lond),2023-12-17-22-02-45
36284782,PMC9542392,Endoscopic endonasal pituitary hemitransposition for resection of suprasellar and retrosellar dermoid cyst.,Neurosurg Focus Video,2023-12-17-22-02-45
36339907,PMC9634459,Superficial solitary fibrous tumor masquerading as a dermoid cyst: a case report.,AME Case Rep,2023-12-17-22-02-45
36381808,PMC9651202,Dermoid Cyst of the Penis: A Case Report of an Unusual Penile Mass.,Cureus,2023-12-17-22-02-45
36388428,PMC9652113,A Case of Prepubertal Ovarian Tissue Cryopreservation in Metachronous Bilateral Mature Ovarian Teratoma Requiring Bilateral Oophorectomy.,European J Pediatr Surg Rep,2023-12-17-22-02-45
36406177,PMC9667197,Laparoscopic removal of a dermoid cyst in one ovary and an endometrioma in the other: A case report and literature review.,Case Rep Womens Health,2023-12-17-22-02-45
36450236,PMC10064384,Images in Pediatric Neurosurgery: Occult Intraosseous Dermoid Cyst at the Nasofrontal Junction.,Pediatr Neurosurg,2023-12-17-22-02-45
36452237,PMC9667698,Multiple Dermoid Cysts in the Epiglottis Presenting with Dysphonia and Dysphagia: A Rare Case.,Turk Arch Otorhinolaryngol,2023-12-17-22-02-45
36516595,PMC9768295,Ruptured mature ovarian teratoma: A case report.,Int J Surg Case Rep,2023-12-17-22-02-45
36570554,PMC9776639,Retroperitoneal dermoid cyst presenting with radiculopathy symptoms: a case report.,J Surg Case Rep,2023-12-17-22-02-45
36588486,PMC9926148,Current approach to branchial remnants in the neck.,Rom J Morphol Embryol,2023-12-17-22-02-45
36601383,PMC9806373,Giant teratoma of the pancreas expanding to the mediastinum: Rare tumor and literature review.,Rare Tumors,2023-12-17-22-02-45
36606215,PMC9489466,A Rare Cause of Ascites in a Young Woman Mimicking Peritoneal Carcinomatosis.,Middle East J Dig Dis,2023-12-17-22-02-45
36644099,PMC9837601,Encephalocraniocutaneous Lipomatosis: A Case Report and Literature Review.,Cureus,2023-12-17-22-02-45
36660324,PMC9844045,Uterine Teratoma (Dermoid cyst) Presenting as an Endometrial Polyp.,Gynecol Minim Invasive Ther,2023-12-17-22-02-45
36667089,PMC9456886,A Dermoid Cyst of the Left Ovary: Operation-Recovery.,Buffalo Med Surg J,2023-12-17-22-02-45
36779068,PMC9909398,"Craniopharyngioma involving the anterior, middle, and posterior cranial fossa in adults: A case report.",Front Neurol,2023-12-17-22-02-45
36779154,PMC9909625,A Case of Twisted Ovarian Dermoid Cyst During Pregnancy.,Cureus,2023-12-17-22-02-45
36788797,PMC9902027,Intraosseous Epidermoid Cyst: a Case Report.,J Oral Maxillofac Res,2023-12-17-22-02-45
36800579,PMC9936010,Effect of within-endobag method during laparoscopic ovarian cystectomy of dermoid cyst: A retrospective study.,Medicine (Baltimore),2023-12-17-22-02-45
36824539,PMC9941038,Anatomic Distribution of Benign Ovarian Tumors in Perimenopausal and Postmenopausal Women.,Cureus,2023-12-17-22-02-45
36832383,PMC9955767,Sublingual Dermoid Cyst in Young Child.,Children (Basel),2023-12-17-22-02-45
36895256,PMC9990783,Traumatic rupture of intracranial dermoid cyst with continuous fat droplet migration.,Surg Neurol Int,2023-12-17-22-02-45
36910296,PMC9997580,Dermoid Cyst of Tongue Masquerading as a Lingual Neurofibroma.,J Indian Assoc Pediatr Surg,2023-12-17-22-02-45
36937808,PMC10021082,A rare case of extremely large mature ovarian cystic teratoma.,SAGE Open Med Case Rep,2023-12-17-22-02-45
36953756,PMC9179634,A Dermoid Cyst.,Daniels Tex Med J,2023-12-17-22-02-45
37014004,PMC10555548,Frontotemporal giant extradural dermoid cyst: illustrative case.,J Neurosurg Case Lessons,2023-12-17-22-02-45
37056901,PMC10089744,A Commoner at an Extremely Rare Site: A Case of Dorsal Intramedullary Spinal Dermoid Cyst.,Asian J Neurosurg,2023-12-17-22-02-45
37077038,PMC10126865,Dermoid Cyst of the Parotid Gland: Case Report of a Rare Entity and Review of the Literature.,Am J Case Rep,2023-12-17-22-02-45
37122439,PMC10133652,Germ cell cancer in pregnancy - Successfully treated with chemotherapy and surgery.,Gynecol Oncol Rep,2023-12-17-22-02-45
37122937,PMC10132684,Airway management in a four month old child with a large sublingual dermoid cyst.,Indian J Anaesth,2023-12-17-22-02-45
37136833,PMC9725893,"A Case of Dermoid Cyst of the Parotid Gland, with Specimen.",Homoeopath Physician,2023-12-17-22-02-45
37138472,PMC10161322,Clinical characteristics and laparoscopic surgical outcomes of ovarian dermoid cysts complicated by spontaneous rupture: nine cases and a literature review.,J Int Med Res,2023-12-17-22-02-45
37153254,PMC10154989,A Unique Case of Frontotemporal Dermoid Cyst Presenting as Orbital Cellulitis.,Cureus,2023-12-17-22-02-45
37156201,PMC10195978,A rare case of anterior mid line neck cyst in a child.,Int J Surg Case Rep,2023-12-17-22-02-45
37180404,PMC10170660,Co-existence of Congenital Epidermoid Cyst and Ranula in a Newborn. Report of a Unique Case.,J Oral Maxillofac Res,2023-12-17-22-02-45
37228556,PMC10207994,Dermoid Cyst in the Posterior Fossa Associated With Dermal Sinus and Abscess Formation: A Case Report.,Cureus,2023-12-17-22-02-45
37251739,PMC10220384,Intracranial nasofrontal dermoid cyst and a hair in the nose tip without a sinus tract identified with single-staged combined approach excision done.,Clin Case Rep,2023-12-17-22-02-45
37288200,PMC10243380,Adnexal Torsion of a Mature Cystic Ovarian Teratoma With Hemorrhagic Infarction Misdiagnosed As Pelvic Inflammatory Disease in a Perimenopausal Patient: A Case Report.,Cureus,2023-12-17-22-02-45
37313431,PMC10260322,Recurrent intraparotid dermoid cyst in an adult male: a case report.,J Surg Case Rep,2023-12-17-22-02-45
37346456,PMC10281701,Successful use of single-port laparoscopic surgery for ovarian cyst removal during pregnancy: a case series of three cases.,J Surg Case Rep,2023-12-17-22-02-45
37388211,PMC10301739,An unexpected case report of epidermoid cyst at the oculomotor nerve: mimicking a common cyst on MRI.,Front Endocrinol (Lausanne),2023-12-17-22-02-45
37390229,PMC10313264,Teratomas from past to the present: A scientometric analysis with global productivity and research trends between 1980 and 2022.,Medicine (Baltimore),2023-12-17-22-02-45
37398747,PMC10313887,An Atypical Case of Intracranial Dermoid Cyst in an Adult Female: A Case Report and Literature Review.,Cureus,2023-12-17-22-02-45
37416753,PMC10320485,The scrotal lump that you can't get above: A case report of a spermatic cord dermoid cyst mimicking an incarcerated inguinal hernia.,Urol Case Rep,2023-12-17-22-02-45
37437323,PMC10362290,Preservation of ovarian tissue embedded in omentum following torsion and auto-amputation of the left ovary and fallopian tube in a 14-year-old girl: A case report.,Int J Surg Case Rep,2023-12-17-22-02-45
37520391,PMC10375376,Typical and atypical magnetic resonance imaging manifestation of ovarian mature cystic teratomas: A report of two cases.,Radiol Case Rep,2023-12-17-22-02-45
37546574,PMC10403324,A Large Sublingual Dermoid Cyst Causing Dysphagia and Dysphonia: A Case Review Study.,Case Rep Dent,2023-12-17-22-02-45
37648457,PMC10600543,Surgical management of a dermoid cyst with mandibular gland tissue in a Japanese Black calf.,J Vet Med Sci,2023-12-17-22-02-45
37700999,PMC10492919,Magnetic Resonance Imaging Findings in a Rare Case of a Ruptured Intracranial Dermoid Cyst.,Cureus,2023-12-17-22-02-45
37706218,PMC10496523,Novel surgical approach to nasal dorsum midline dermoid sinus cyst.,Case Reports Plast Surg Hand Surg,2023-12-17-22-02-45
37727173,PMC10505988,A Giant Epidermoid Cyst in the Floor of Mouth Mimicking Ranula.,Cureus,2023-12-17-22-02-45
37727175,PMC10505832,Beyond the Norm: Unveiling a Dermoid Cyst in an Inguinal Hernia Case.,Cureus,2023-12-17-22-02-45
37744627,PMC10511691,Parasitic mature cystic ovarian teratoma: A rare case of autoimplantation of a twisted dermoid cyst.,Clin Case Rep,2023-12-17-22-02-45
37814727,PMC10560452,An Unusual Presentation of Nodular Hidradenoma.,Cureus,2023-12-17-22-02-45
37814750,PMC10560318,A Unique Case of Plunging Dermoid Cyst in an Elderly Male: A Case Report.,Cureus,2023-12-17-22-02-45
37829264,PMC10566330,A rare case of squamous cell carcinoma associated with a huge ovarian dermoid cyst in a postmenopausal woman.,Prz Menopauzalny,2023-12-17-22-02-45
37868536,PMC10586350,Benign Cutaneous Cysts: A Comprehensive Analysis of 1160 cases.,Cureus,2023-12-17-22-02-45
37881261,PMC10597612,Concurrent dermoid and epidermoid cysts in an adolescent patient: a case report.,Oxf Med Case Reports,2023-12-17-22-02-45
37900852,PMC10601794,Giant Mature Ovarian Cystic Teratoma in a Pediatric Patient: Case Report and Literature Review.,Case Rep Oncol,2023-12-17-22-02-45
37937024,PMC10626570,"Assessment of Female Pelvic Pathologies: A Cross-Sectional Study Among Patients Undergoing Magnetic Resonance Imaging for Pelvic Assessment at the Maternity and Children Hospital, Qassim Region, Saudi Arabia.",Cureus,2023-12-17-22-02-45
38048565,PMC10701751,Hemifacial spasm caused by multiple vascular attachments due to remote compression effects of a dermoid cyst in the cerebellar hemisphere: illustrative case.,J Neurosurg Case Lessons,2023-12-17-22-02-45
38054139,PMC10695694,A Case of Multi-Organ Failure Secondary to Malabsorption Occurring in the Presence of Acute-on-Chronic Pancreatitis.,Cureus,2023-12-17-22-02-45
38073742,PMC10699213,Unusual Site of Dermoid Cyst.,Adv Biomed Res,2023-12-17-22-02-45
8305142,PMC3053715,Spinal congenital dermal sinus--experience of 5 cases over a period of 10 years.,J Korean Med Sci,2023-12-17-22-02-45
